2025-11-15 18:45:37,340 [INFO] ============================================================
2025-11-15 18:45:37,341 [INFO] ============================================================
2025-11-15 18:45:37,348 [INFO] ============================================================
2025-11-15 18:46:37,402 [INFO] ============================================================
2025-11-15 18:46:37,413 [INFO] ============================================================
2025-11-15 18:48:10,133 [INFO] INITIALIZING NEON-GLYPH DIRECTOR FULLSCREEN DEMO...
2025-11-15 18:48:10,134 [INFO] Connected to Director daemon at 127.0.0.1:9999
2025-11-15 18:48:10,138 [INFO] Starting FULLSCREEN NEON-GLYPH Director Demo
2025-11-15 18:48:10,138 [INFO] Audio-reactive scene transitions in progress...
2025-11-15 18:48:10,138 [INFO] ============================================================
2025-11-15 18:48:10,138 [INFO] NEON-GLYPH DIRECTOR SYSTEM - FULLSCREEN MODE
2025-11-15 18:48:10,138 [INFO] ============================================================
2025-11-15 18:48:10,138 [INFO] Audio Analysis: RMS, Bass, Mids, Highs, Tempo
2025-11-15 18:48:10,138 [INFO] Scene Transitions: Neural Pulse, Fractal Dreams
2025-11-15 18:48:10,138 [INFO] Intensity: 0.0 - 1.0 (Audio-Reactive)
2025-11-15 18:48:10,138 [INFO] Palette: Dynamic Color Shifts
2025-11-15 18:48:10,138 [INFO] ============================================================
2025-11-15 18:48:10,139 [WARNING] No directive received
2025-11-15 18:48:10,189 [ERROR] Failed to receive directive: [WinError 10053] An established connection was aborted by the software in your host machine
2025-11-15 18:48:10,189 [WARNING] No directive received
2025-11-15 18:48:10,240 [ERROR] Failed to send state: [WinError 10053] An established connection was aborted by the software in your host machine
2025-11-15 18:48:10,290 [ERROR] Failed to send state: [WinError 10053] An established connection was aborted by the software in your host machine
2025-11-15 18:48:10,341 [ERROR] Failed to send state: [WinError 10053] An established connection was aborted by the software in your host machine
2025-11-15 18:48:10,392 [ERROR] Failed to send state: [WinError 10053] An established connection was aborted by the software in your host machine
2025-11-15 18:48:10,443 [ERROR] Failed to send state: [WinError 10053] An established connection was aborted by the software in your host machine
2025-11-15 18:48:10,494 [ERROR] Failed to send state: [WinError 10053] An established connection was aborted by the software in your host machine
2025-11-15 18:48:10,545 [ERROR] Failed to send state: [WinError 10053] An established connection was aborted by the software in your host machine
2025-11-15 18:48:10,595 [ERROR] Failed to send state: [WinError 10053] An established connection was aborted by the software in your host machine
2025-11-15 18:48:10,646 [ERROR] Failed to send state: [WinError 10053] An established connection was aborted by the software in your host machine
2025-11-15 18:48:10,697 [ERROR] Failed to send state: [WinError 10053] An established connection was aborted by the software in your host machine
2025-11-15 18:48:10,748 [ERROR] Failed to send state: [WinError 10053] An established connection was aborted by the software in your host machine
2025-11-15 18:48:10,799 [ERROR] Failed to send state: [WinError 10053] An established connection was aborted by the software in your host machine
2025-11-15 18:48:10,850 [ERROR] Failed to send state: [WinError 10053] An established connection was aborted by the software in your host machine
2025-11-15 18:48:10,901 [ERROR] Failed to send state: [WinError 10053] An established connection was aborted by the software in your host machine
2025-11-15 18:48:10,952 [ERROR] Failed to send state: [WinError 10053] An established connection was aborted by the software in your host machine
2025-11-15 18:48:11,002 [ERROR] Failed to send state: [WinError 10053] An established connection was aborted by the software in your host machine
2025-11-15 18:48:11,053 [ERROR] Failed to send state: [WinError 10053] An established connection was aborted by the software in your host machine
2025-11-15 18:48:11,104 [ERROR] Failed to send state: [WinError 10053] An established connection was aborted by the software in your host machine
2025-11-15 18:48:11,155 [ERROR] Failed to send state: [WinError 10053] An established connection was aborted by the software in your host machine
2025-11-15 18:48:11,205 [ERROR] Failed to send state: [WinError 10053] An established connection was aborted by the software in your host machine
2025-11-15 18:48:11,256 [ERROR] Failed to send state: [WinError 10053] An established connection was aborted by the software in your host machine
2025-11-15 18:48:11,307 [ERROR] Failed to send state: [WinError 10053] An established connection was aborted by the software in your host machine
2025-11-15 18:48:11,358 [ERROR] Failed to send state: [WinError 10053] An established connection was aborted by the software in your host machine
2025-11-15 18:48:11,409 [ERROR] Failed to send state: [WinError 10053] An established connection was aborted by the software in your host machine
2025-11-15 18:48:11,460 [ERROR] Failed to send state: [WinError 10053] An established connection was aborted by the software in your host machine
2025-11-15 18:48:11,512 [ERROR] Failed to send state: [WinError 10053] An established connection was aborted by the software in your host machine
2025-11-15 18:48:11,563 [ERROR] Failed to send state: [WinError 10053] An established connection was aborted by the software in your host machine
2025-11-15 18:48:11,613 [ERROR] Failed to send state: [WinError 10053] An established connection was aborted by the software in your host machine
2025-11-15 18:48:11,664 [ERROR] Failed to send state: [WinError 10053] An established connection was aborted by the software in your host machine
2025-11-15 18:48:11,715 [ERROR] Failed to send state: [WinError 10053] An established connection was aborted by the software in your host machine
2025-11-15 18:48:11,766 [ERROR] Failed to send state: [WinError 10053] An established connection was aborted by the software in your host machine
2025-11-15 18:48:11,817 [ERROR] Failed to send state: [WinError 10053] An established connection was aborted by the software in your host machine
2025-11-15 18:48:11,868 [ERROR] Failed to send state: [WinError 10053] An established connection was aborted by the software in your host machine
2025-11-15 18:48:11,919 [ERROR] Failed to send state: [WinError 10053] An established connection was aborted by the software in your host machine
2025-11-15 18:48:11,969 [ERROR] Failed to send state: [WinError 10053] An established connection was aborted by the software in your host machine
2025-11-15 18:48:12,021 [ERROR] Failed to send state: [WinError 10053] An established connection was aborted by the software in your host machine
2025-11-15 18:48:12,072 [ERROR] Failed to send state: [WinError 10053] An established connection was aborted by the software in your host machine
2025-11-15 18:48:12,123 [ERROR] Failed to send state: [WinError 10053] An established connection was aborted by the software in your host machine
2025-11-15 18:48:12,173 [ERROR] Failed to send state: [WinError 10053] An established connection was aborted by the software in your host machine
2025-11-15 18:48:12,224 [ERROR] Failed to send state: [WinError 10053] An established connection was aborted by the software in your host machine
2025-11-15 18:48:12,275 [ERROR] Failed to send state: [WinError 10053] An established connection was aborted by the software in your host machine
2025-11-15 18:48:12,326 [ERROR] Failed to send state: [WinError 10053] An established connection was aborted by the software in your host machine
2025-11-15 18:48:12,377 [ERROR] Failed to send state: [WinError 10053] An established connection was aborted by the software in your host machine
2025-11-15 18:48:12,428 [ERROR] Failed to send state: [WinError 10053] An established connection was aborted by the software in your host machine
2025-11-15 18:48:12,479 [ERROR] Failed to send state: [WinError 10053] An established connection was aborted by the software in your host machine
2025-11-15 18:48:12,530 [ERROR] Failed to send state: [WinError 10053] An established connection was aborted by the software in your host machine
2025-11-15 18:48:12,580 [ERROR] Failed to send state: [WinError 10053] An established connection was aborted by the software in your host machine
2025-11-15 18:48:12,631 [ERROR] Failed to send state: [WinError 10053] An established connection was aborted by the software in your host machine
2025-11-15 18:48:12,682 [ERROR] Failed to send state: [WinError 10053] An established connection was aborted by the software in your host machine
2025-11-15 18:48:12,733 [ERROR] Failed to send state: [WinError 10053] An established connection was aborted by the software in your host machine
2025-11-15 18:48:12,784 [ERROR] Failed to send state: [WinError 10053] An established connection was aborted by the software in your host machine
2025-11-15 18:48:12,835 [ERROR] Failed to send state: [WinError 10053] An established connection was aborted by the software in your host machine
2025-11-15 18:48:12,886 [ERROR] Failed to send state: [WinError 10053] An established connection was aborted by the software in your host machine
2025-11-15 18:48:12,937 [ERROR] Failed to send state: [WinError 10053] An established connection was aborted by the software in your host machine
2025-11-15 18:48:12,988 [ERROR] Failed to send state: [WinError 10053] An established connection was aborted by the software in your host machine
2025-11-15 18:48:13,039 [ERROR] Failed to send state: [WinError 10053] An established connection was aborted by the software in your host machine
2025-11-15 18:48:13,091 [ERROR] Failed to send state: [WinError 10053] An established connection was aborted by the software in your host machine
2025-11-15 18:48:13,141 [ERROR] Failed to send state: [WinError 10053] An established connection was aborted by the software in your host machine
2025-11-15 18:48:13,192 [ERROR] Failed to send state: [WinError 10053] An established connection was aborted by the software in your host machine
2025-11-15 18:48:13,243 [ERROR] Failed to send state: [WinError 10053] An established connection was aborted by the software in your host machine
2025-11-15 18:48:13,294 [ERROR] Failed to send state: [WinError 10053] An established connection was aborted by the software in your host machine
2025-11-15 18:48:13,345 [ERROR] Failed to send state: [WinError 10053] An established connection was aborted by the software in your host machine
2025-11-15 18:48:13,395 [ERROR] Failed to send state: [WinError 10053] An established connection was aborted by the software in your host machine
2025-11-15 18:48:13,446 [ERROR] Failed to send state: [WinError 10053] An established connection was aborted by the software in your host machine
2025-11-15 18:48:13,497 [ERROR] Failed to send state: [WinError 10053] An established connection was aborted by the software in your host machine
2025-11-15 18:48:13,548 [ERROR] Failed to send state: [WinError 10053] An established connection was aborted by the software in your host machine
2025-11-15 18:48:13,599 [ERROR] Failed to send state: [WinError 10053] An established connection was aborted by the software in your host machine
2025-11-15 18:48:13,650 [ERROR] Failed to send state: [WinError 10053] An established connection was aborted by the software in your host machine
2025-11-15 18:48:13,701 [ERROR] Failed to send state: [WinError 10053] An established connection was aborted by the software in your host machine
2025-11-15 18:48:13,752 [ERROR] Failed to send state: [WinError 10053] An established connection was aborted by the software in your host machine
2025-11-15 18:48:13,802 [ERROR] Failed to send state: [WinError 10053] An established connection was aborted by the software in your host machine
2025-11-15 18:48:13,853 [ERROR] Failed to send state: [WinError 10053] An established connection was aborted by the software in your host machine
2025-11-15 18:48:13,904 [ERROR] Failed to send state: [WinError 10053] An established connection was aborted by the software in your host machine
2025-11-15 18:48:13,955 [ERROR] Failed to send state: [WinError 10053] An established connection was aborted by the software in your host machine
2025-11-15 18:48:14,006 [ERROR] Failed to send state: [WinError 10053] An established connection was aborted by the software in your host machine
2025-11-15 18:48:14,057 [ERROR] Failed to send state: [WinError 10053] An established connection was aborted by the software in your host machine
2025-11-15 18:48:14,108 [ERROR] Failed to send state: [WinError 10053] An established connection was aborted by the software in your host machine
2025-11-15 18:48:14,159 [ERROR] Failed to send state: [WinError 10053] An established connection was aborted by the software in your host machine
2025-11-15 18:48:14,209 [ERROR] Failed to send state: [WinError 10053] An established connection was aborted by the software in your host machine
2025-11-15 18:48:14,261 [ERROR] Failed to send state: [WinError 10053] An established connection was aborted by the software in your host machine
2025-11-15 18:48:14,311 [ERROR] Failed to send state: [WinError 10053] An established connection was aborted by the software in your host machine
2025-11-15 18:48:14,362 [ERROR] Failed to send state: [WinError 10053] An established connection was aborted by the software in your host machine
2025-11-15 18:48:14,413 [ERROR] Failed to send state: [WinError 10053] An established connection was aborted by the software in your host machine
2025-11-15 18:48:14,464 [ERROR] Failed to send state: [WinError 10053] An established connection was aborted by the software in your host machine
2025-11-15 18:48:14,514 [ERROR] Failed to send state: [WinError 10053] An established connection was aborted by the software in your host machine
2025-11-15 18:48:14,565 [ERROR] Failed to send state: [WinError 10053] An established connection was aborted by the software in your host machine
2025-11-15 18:48:14,616 [ERROR] Failed to send state: [WinError 10053] An established connection was aborted by the software in your host machine
2025-11-15 18:48:14,667 [ERROR] Failed to send state: [WinError 10053] An established connection was aborted by the software in your host machine
2025-11-15 18:48:14,718 [ERROR] Failed to send state: [WinError 10053] An established connection was aborted by the software in your host machine
2025-11-15 18:48:14,769 [ERROR] Failed to send state: [WinError 10053] An established connection was aborted by the software in your host machine
2025-11-15 18:48:14,820 [ERROR] Failed to send state: [WinError 10053] An established connection was aborted by the software in your host machine
2025-11-15 18:48:14,871 [ERROR] Failed to send state: [WinError 10053] An established connection was aborted by the software in your host machine
2025-11-15 18:48:14,922 [ERROR] Failed to send state: [WinError 10053] An established connection was aborted by the software in your host machine
2025-11-15 18:48:14,973 [ERROR] Failed to send state: [WinError 10053] An established connection was aborted by the software in your host machine
2025-11-15 18:48:15,024 [ERROR] Failed to send state: [WinError 10053] An established connection was aborted by the software in your host machine
2025-11-15 18:48:15,075 [ERROR] Failed to send state: [WinError 10053] An established connection was aborted by the software in your host machine
2025-11-15 18:48:15,125 [ERROR] Failed to send state: [WinError 10053] An established connection was aborted by the software in your host machine
2025-11-15 18:48:15,176 [ERROR] Failed to send state: [WinError 10053] An established connection was aborted by the software in your host machine
2025-11-15 18:48:15,227 [ERROR] Failed to send state: [WinError 10053] An established connection was aborted by the software in your host machine
2025-11-15 18:48:15,278 [ERROR] Failed to send state: [WinError 10053] An established connection was aborted by the software in your host machine
2025-11-15 18:48:15,328 [ERROR] Failed to send state: [WinError 10053] An established connection was aborted by the software in your host machine
2025-11-15 18:48:15,379 [ERROR] Failed to send state: [WinError 10053] An established connection was aborted by the software in your host machine
2025-11-15 18:48:15,430 [ERROR] Failed to send state: [WinError 10053] An established connection was aborted by the software in your host machine
2025-11-15 18:48:15,481 [ERROR] Failed to send state: [WinError 10053] An established connection was aborted by the software in your host machine
2025-11-15 18:48:15,532 [ERROR] Failed to send state: [WinError 10053] An established connection was aborted by the software in your host machine
2025-11-15 18:48:15,584 [ERROR] Failed to send state: [WinError 10053] An established connection was aborted by the software in your host machine
2025-11-15 18:48:15,634 [ERROR] Failed to send state: [WinError 10053] An established connection was aborted by the software in your host machine
2025-11-15 18:48:15,685 [ERROR] Failed to send state: [WinError 10053] An established connection was aborted by the software in your host machine
2025-11-15 18:48:15,736 [ERROR] Failed to send state: [WinError 10053] An established connection was aborted by the software in your host machine
2025-11-15 18:48:15,787 [ERROR] Failed to send state: [WinError 10053] An established connection was aborted by the software in your host machine
2025-11-15 18:48:15,838 [ERROR] Failed to send state: [WinError 10053] An established connection was aborted by the software in your host machine
2025-11-15 18:48:15,889 [ERROR] Failed to send state: [WinError 10053] An established connection was aborted by the software in your host machine
2025-11-15 18:48:15,940 [ERROR] Failed to send state: [WinError 10053] An established connection was aborted by the software in your host machine
2025-11-15 18:48:15,991 [ERROR] Failed to send state: [WinError 10053] An established connection was aborted by the software in your host machine
2025-11-15 18:48:16,042 [ERROR] Failed to send state: [WinError 10053] An established connection was aborted by the software in your host machine
2025-11-15 18:48:16,093 [ERROR] Failed to send state: [WinError 10053] An established connection was aborted by the software in your host machine
2025-11-15 18:48:16,144 [ERROR] Failed to send state: [WinError 10053] An established connection was aborted by the software in your host machine
2025-11-15 18:48:16,195 [ERROR] Failed to send state: [WinError 10053] An established connection was aborted by the software in your host machine
2025-11-15 18:48:16,246 [ERROR] Failed to send state: [WinError 10053] An established connection was aborted by the software in your host machine
2025-11-15 18:48:16,297 [ERROR] Failed to send state: [WinError 10053] An established connection was aborted by the software in your host machine
2025-11-15 18:48:16,349 [ERROR] Failed to send state: [WinError 10053] An established connection was aborted by the software in your host machine
2025-11-15 18:48:16,400 [ERROR] Failed to send state: [WinError 10053] An established connection was aborted by the software in your host machine
2025-11-15 18:48:16,450 [ERROR] Failed to send state: [WinError 10053] An established connection was aborted by the software in your host machine
2025-11-15 18:48:16,501 [ERROR] Failed to send state: [WinError 10053] An established connection was aborted by the software in your host machine
2025-11-15 18:48:16,552 [ERROR] Failed to send state: [WinError 10053] An established connection was aborted by the software in your host machine
2025-11-15 18:48:16,603 [ERROR] Failed to send state: [WinError 10053] An established connection was aborted by the software in your host machine
2025-11-15 18:48:16,654 [ERROR] Failed to send state: [WinError 10053] An established connection was aborted by the software in your host machine
2025-11-15 18:48:16,705 [ERROR] Failed to send state: [WinError 10053] An established connection was aborted by the software in your host machine
2025-11-15 18:48:16,756 [ERROR] Failed to send state: [WinError 10053] An established connection was aborted by the software in your host machine
2025-11-15 18:48:16,807 [ERROR] Failed to send state: [WinError 10053] An established connection was aborted by the software in your host machine
2025-11-15 18:48:16,858 [ERROR] Failed to send state: [WinError 10053] An established connection was aborted by the software in your host machine
2025-11-15 18:48:16,909 [ERROR] Failed to send state: [WinError 10053] An established connection was aborted by the software in your host machine
2025-11-15 18:48:16,960 [ERROR] Failed to send state: [WinError 10053] An established connection was aborted by the software in your host machine
2025-11-15 18:48:17,011 [ERROR] Failed to send state: [WinError 10053] An established connection was aborted by the software in your host machine
2025-11-15 18:48:17,062 [ERROR] Failed to send state: [WinError 10053] An established connection was aborted by the software in your host machine
2025-11-15 18:48:17,113 [ERROR] Failed to send state: [WinError 10053] An established connection was aborted by the software in your host machine
2025-11-15 18:48:17,164 [ERROR] Failed to send state: [WinError 10053] An established connection was aborted by the software in your host machine
2025-11-15 18:48:17,215 [ERROR] Failed to send state: [WinError 10053] An established connection was aborted by the software in your host machine
2025-11-15 18:48:17,266 [ERROR] Failed to send state: [WinError 10053] An established connection was aborted by the software in your host machine
2025-11-15 18:48:17,317 [ERROR] Failed to send state: [WinError 10053] An established connection was aborted by the software in your host machine
2025-11-15 18:48:17,368 [ERROR] Failed to send state: [WinError 10053] An established connection was aborted by the software in your host machine
2025-11-15 18:48:17,419 [ERROR] Failed to send state: [WinError 10053] An established connection was aborted by the software in your host machine
2025-11-15 18:48:17,470 [ERROR] Failed to send state: [WinError 10053] An established connection was aborted by the software in your host machine
2025-11-15 18:48:17,521 [ERROR] Failed to send state: [WinError 10053] An established connection was aborted by the software in your host machine
2025-11-15 18:48:17,572 [ERROR] Failed to send state: [WinError 10053] An established connection was aborted by the software in your host machine
2025-11-15 18:48:17,623 [ERROR] Failed to send state: [WinError 10053] An established connection was aborted by the software in your host machine
2025-11-15 18:48:17,674 [ERROR] Failed to send state: [WinError 10053] An established connection was aborted by the software in your host machine
2025-11-15 18:48:17,725 [ERROR] Failed to send state: [WinError 10053] An established connection was aborted by the software in your host machine
2025-11-15 18:48:17,776 [ERROR] Failed to send state: [WinError 10053] An established connection was aborted by the software in your host machine
2025-11-15 18:48:17,827 [ERROR] Failed to send state: [WinError 10053] An established connection was aborted by the software in your host machine
2025-11-15 18:48:17,878 [ERROR] Failed to send state: [WinError 10053] An established connection was aborted by the software in your host machine
2025-11-15 18:48:17,929 [ERROR] Failed to send state: [WinError 10053] An established connection was aborted by the software in your host machine
2025-11-15 18:48:17,980 [ERROR] Failed to send state: [WinError 10053] An established connection was aborted by the software in your host machine
2025-11-15 18:48:18,031 [ERROR] Failed to send state: [WinError 10053] An established connection was aborted by the software in your host machine
2025-11-15 18:48:18,082 [ERROR] Failed to send state: [WinError 10053] An established connection was aborted by the software in your host machine
2025-11-15 18:48:18,133 [ERROR] Failed to send state: [WinError 10053] An established connection was aborted by the software in your host machine
2025-11-15 18:48:18,184 [ERROR] Failed to send state: [WinError 10053] An established connection was aborted by the software in your host machine
2025-11-15 18:48:18,235 [ERROR] Failed to send state: [WinError 10053] An established connection was aborted by the software in your host machine
2025-11-15 18:48:18,287 [ERROR] Failed to send state: [WinError 10053] An established connection was aborted by the software in your host machine
2025-11-15 18:48:18,338 [ERROR] Failed to send state: [WinError 10053] An established connection was aborted by the software in your host machine
2025-11-15 18:48:18,389 [ERROR] Failed to send state: [WinError 10053] An established connection was aborted by the software in your host machine
2025-11-15 18:48:18,440 [ERROR] Failed to send state: [WinError 10053] An established connection was aborted by the software in your host machine
2025-11-15 18:48:18,491 [ERROR] Failed to send state: [WinError 10053] An established connection was aborted by the software in your host machine
2025-11-15 18:48:18,542 [ERROR] Failed to send state: [WinError 10053] An established connection was aborted by the software in your host machine
2025-11-15 18:48:18,593 [ERROR] Failed to send state: [WinError 10053] An established connection was aborted by the software in your host machine
2025-11-15 18:48:18,644 [ERROR] Failed to send state: [WinError 10053] An established connection was aborted by the software in your host machine
2025-11-15 18:48:18,695 [ERROR] Failed to send state: [WinError 10053] An established connection was aborted by the software in your host machine
2025-11-15 18:48:18,746 [ERROR] Failed to send state: [WinError 10053] An established connection was aborted by the software in your host machine
2025-11-15 18:48:18,797 [ERROR] Failed to send state: [WinError 10053] An established connection was aborted by the software in your host machine
2025-11-15 18:48:18,848 [ERROR] Failed to send state: [WinError 10053] An established connection was aborted by the software in your host machine
2025-11-15 18:48:18,899 [ERROR] Failed to send state: [WinError 10053] An established connection was aborted by the software in your host machine
2025-11-15 18:48:18,950 [ERROR] Failed to send state: [WinError 10053] An established connection was aborted by the software in your host machine
2025-11-15 18:48:19,001 [ERROR] Failed to send state: [WinError 10053] An established connection was aborted by the software in your host machine
2025-11-15 18:48:19,052 [ERROR] Failed to send state: [WinError 10053] An established connection was aborted by the software in your host machine
2025-11-15 18:48:19,102 [ERROR] Failed to send state: [WinError 10053] An established connection was aborted by the software in your host machine
2025-11-15 18:48:19,154 [ERROR] Failed to send state: [WinError 10053] An established connection was aborted by the software in your host machine
2025-11-15 18:48:19,205 [ERROR] Failed to send state: [WinError 10053] An established connection was aborted by the software in your host machine
2025-11-15 18:48:19,255 [ERROR] Failed to send state: [WinError 10053] An established connection was aborted by the software in your host machine
2025-11-15 18:48:19,306 [ERROR] Failed to send state: [WinError 10053] An established connection was aborted by the software in your host machine
2025-11-15 18:48:19,357 [ERROR] Failed to send state: [WinError 10053] An established connection was aborted by the software in your host machine
2025-11-15 18:48:19,409 [ERROR] Failed to send state: [WinError 10053] An established connection was aborted by the software in your host machine
2025-11-15 18:48:19,460 [ERROR] Failed to send state: [WinError 10053] An established connection was aborted by the software in your host machine
2025-11-15 18:48:19,511 [ERROR] Failed to send state: [WinError 10053] An established connection was aborted by the software in your host machine
2025-11-15 18:48:19,562 [ERROR] Failed to send state: [WinError 10053] An established connection was aborted by the software in your host machine
2025-11-15 18:48:19,613 [ERROR] Failed to send state: [WinError 10053] An established connection was aborted by the software in your host machine
2025-11-15 18:48:19,665 [ERROR] Failed to send state: [WinError 10053] An established connection was aborted by the software in your host machine
2025-11-15 18:48:19,716 [ERROR] Failed to send state: [WinError 10053] An established connection was aborted by the software in your host machine
2025-11-15 18:48:19,767 [ERROR] Failed to send state: [WinError 10053] An established connection was aborted by the software in your host machine
2025-11-15 18:48:19,818 [ERROR] Failed to send state: [WinError 10053] An established connection was aborted by the software in your host machine
2025-11-15 18:48:19,870 [ERROR] Failed to send state: [WinError 10053] An established connection was aborted by the software in your host machine
2025-11-15 18:48:19,920 [ERROR] Failed to send state: [WinError 10053] An established connection was aborted by the software in your host machine
2025-11-15 18:48:19,971 [ERROR] Failed to send state: [WinError 10053] An established connection was aborted by the software in your host machine
2025-11-15 18:48:20,023 [ERROR] Failed to send state: [WinError 10053] An established connection was aborted by the software in your host machine
2025-11-15 18:48:20,073 [ERROR] Failed to send state: [WinError 10053] An established connection was aborted by the software in your host machine
2025-11-15 18:48:20,124 [ERROR] Failed to send state: [WinError 10053] An established connection was aborted by the software in your host machine
2025-11-15 18:48:20,175 [ERROR] Failed to send state: [WinError 10053] An established connection was aborted by the software in your host machine
2025-11-15 18:48:20,225 [ERROR] Failed to send state: [WinError 10053] An established connection was aborted by the software in your host machine
2025-11-15 18:48:20,276 [ERROR] Failed to send state: [WinError 10053] An established connection was aborted by the software in your host machine
2025-11-15 18:48:20,327 [ERROR] Failed to send state: [WinError 10053] An established connection was aborted by the software in your host machine
2025-11-15 18:48:20,378 [ERROR] Failed to send state: [WinError 10053] An established connection was aborted by the software in your host machine
2025-11-15 18:48:20,429 [ERROR] Failed to send state: [WinError 10053] An established connection was aborted by the software in your host machine
2025-11-15 18:48:20,479 [ERROR] Failed to send state: [WinError 10053] An established connection was aborted by the software in your host machine
2025-11-15 18:48:20,530 [ERROR] Failed to send state: [WinError 10053] An established connection was aborted by the software in your host machine
2025-11-15 18:48:20,581 [ERROR] Failed to send state: [WinError 10053] An established connection was aborted by the software in your host machine
2025-11-15 18:48:20,632 [ERROR] Failed to send state: [WinError 10053] An established connection was aborted by the software in your host machine
2025-11-15 18:48:20,683 [ERROR] Failed to send state: [WinError 10053] An established connection was aborted by the software in your host machine
2025-11-15 18:48:20,734 [ERROR] Failed to send state: [WinError 10053] An established connection was aborted by the software in your host machine
2025-11-15 18:48:20,785 [ERROR] Failed to send state: [WinError 10053] An established connection was aborted by the software in your host machine
2025-11-15 18:48:20,836 [ERROR] Failed to send state: [WinError 10053] An established connection was aborted by the software in your host machine
2025-11-15 18:48:20,887 [ERROR] Failed to send state: [WinError 10053] An established connection was aborted by the software in your host machine
2025-11-15 18:48:20,939 [ERROR] Failed to send state: [WinError 10053] An established connection was aborted by the software in your host machine
2025-11-15 18:48:20,990 [ERROR] Failed to send state: [WinError 10053] An established connection was aborted by the software in your host machine
2025-11-15 18:48:21,041 [ERROR] Failed to send state: [WinError 10053] An established connection was aborted by the software in your host machine
2025-11-15 18:48:21,092 [ERROR] Failed to send state: [WinError 10053] An established connection was aborted by the software in your host machine
2025-11-15 18:48:21,143 [ERROR] Failed to send state: [WinError 10053] An established connection was aborted by the software in your host machine
2025-11-15 18:48:21,194 [ERROR] Failed to send state: [WinError 10053] An established connection was aborted by the software in your host machine
2025-11-15 18:48:21,245 [ERROR] Failed to send state: [WinError 10053] An established connection was aborted by the software in your host machine
2025-11-15 18:48:21,296 [ERROR] Failed to send state: [WinError 10053] An established connection was aborted by the software in your host machine
2025-11-15 18:48:21,347 [ERROR] Failed to send state: [WinError 10053] An established connection was aborted by the software in your host machine
2025-11-15 18:48:21,398 [ERROR] Failed to send state: [WinError 10053] An established connection was aborted by the software in your host machine
2025-11-15 18:48:21,449 [ERROR] Failed to send state: [WinError 10053] An established connection was aborted by the software in your host machine
2025-11-15 18:48:21,500 [ERROR] Failed to send state: [WinError 10053] An established connection was aborted by the software in your host machine
2025-11-15 18:48:21,552 [ERROR] Failed to send state: [WinError 10053] An established connection was aborted by the software in your host machine
2025-11-15 18:48:21,602 [ERROR] Failed to send state: [WinError 10053] An established connection was aborted by the software in your host machine
2025-11-15 18:48:21,654 [ERROR] Failed to send state: [WinError 10053] An established connection was aborted by the software in your host machine
2025-11-15 18:48:21,704 [ERROR] Failed to send state: [WinError 10053] An established connection was aborted by the software in your host machine
2025-11-15 18:48:21,755 [ERROR] Failed to send state: [WinError 10053] An established connection was aborted by the software in your host machine
2025-11-15 18:48:21,806 [ERROR] Failed to send state: [WinError 10053] An established connection was aborted by the software in your host machine
2025-11-15 18:48:21,857 [ERROR] Failed to send state: [WinError 10053] An established connection was aborted by the software in your host machine
2025-11-15 18:48:21,908 [ERROR] Failed to send state: [WinError 10053] An established connection was aborted by the software in your host machine
2025-11-15 18:48:21,960 [ERROR] Failed to send state: [WinError 10053] An established connection was aborted by the software in your host machine
2025-11-15 18:48:22,011 [ERROR] Failed to send state: [WinError 10053] An established connection was aborted by the software in your host machine
2025-11-15 18:48:22,063 [ERROR] Failed to send state: [WinError 10053] An established connection was aborted by the software in your host machine
2025-11-15 18:48:22,114 [ERROR] Failed to send state: [WinError 10053] An established connection was aborted by the software in your host machine
2025-11-15 18:48:22,165 [ERROR] Failed to send state: [WinError 10053] An established connection was aborted by the software in your host machine
2025-11-15 18:48:22,216 [ERROR] Failed to send state: [WinError 10053] An established connection was aborted by the software in your host machine
2025-11-15 18:48:22,267 [ERROR] Failed to send state: [WinError 10053] An established connection was aborted by the software in your host machine
2025-11-15 18:48:22,317 [ERROR] Failed to send state: [WinError 10053] An established connection was aborted by the software in your host machine
2025-11-15 18:48:22,369 [ERROR] Failed to send state: [WinError 10053] An established connection was aborted by the software in your host machine
2025-11-15 18:48:22,420 [ERROR] Failed to send state: [WinError 10053] An established connection was aborted by the software in your host machine
2025-11-15 18:48:22,472 [ERROR] Failed to send state: [WinError 10053] An established connection was aborted by the software in your host machine
2025-11-15 18:48:22,523 [ERROR] Failed to send state: [WinError 10053] An established connection was aborted by the software in your host machine
2025-11-15 18:48:22,574 [ERROR] Failed to send state: [WinError 10053] An established connection was aborted by the software in your host machine
2025-11-15 18:48:22,624 [ERROR] Failed to send state: [WinError 10053] An established connection was aborted by the software in your host machine
2025-11-15 18:48:22,675 [ERROR] Failed to send state: [WinError 10053] An established connection was aborted by the software in your host machine
2025-11-15 18:48:22,727 [ERROR] Failed to send state: [WinError 10053] An established connection was aborted by the software in your host machine
2025-11-15 18:48:22,778 [ERROR] Failed to send state: [WinError 10053] An established connection was aborted by the software in your host machine
2025-11-15 18:48:22,829 [ERROR] Failed to send state: [WinError 10053] An established connection was aborted by the software in your host machine
2025-11-15 18:48:22,880 [ERROR] Failed to send state: [WinError 10053] An established connection was aborted by the software in your host machine
2025-11-15 18:48:22,931 [ERROR] Failed to send state: [WinError 10053] An established connection was aborted by the software in your host machine
2025-11-15 18:48:22,983 [ERROR] Failed to send state: [WinError 10053] An established connection was aborted by the software in your host machine
2025-11-15 18:48:23,033 [ERROR] Failed to send state: [WinError 10053] An established connection was aborted by the software in your host machine
2025-11-15 18:48:23,085 [ERROR] Failed to send state: [WinError 10053] An established connection was aborted by the software in your host machine
2025-11-15 18:48:23,136 [ERROR] Failed to send state: [WinError 10053] An established connection was aborted by the software in your host machine
2025-11-15 18:48:23,187 [ERROR] Failed to send state: [WinError 10053] An established connection was aborted by the software in your host machine
2025-11-15 18:48:23,238 [ERROR] Failed to send state: [WinError 10053] An established connection was aborted by the software in your host machine
2025-11-15 18:48:23,288 [ERROR] Failed to send state: [WinError 10053] An established connection was aborted by the software in your host machine
2025-11-15 18:48:23,339 [ERROR] Failed to send state: [WinError 10053] An established connection was aborted by the software in your host machine
2025-11-15 18:48:23,390 [ERROR] Failed to send state: [WinError 10053] An established connection was aborted by the software in your host machine
2025-11-15 18:48:23,441 [ERROR] Failed to send state: [WinError 10053] An established connection was aborted by the software in your host machine
2025-11-15 18:48:23,493 [ERROR] Failed to send state: [WinError 10053] An established connection was aborted by the software in your host machine
2025-11-15 18:48:23,544 [ERROR] Failed to send state: [WinError 10053] An established connection was aborted by the software in your host machine
2025-11-15 18:48:23,596 [ERROR] Failed to send state: [WinError 10053] An established connection was aborted by the software in your host machine
2025-11-15 18:48:23,648 [ERROR] Failed to send state: [WinError 10053] An established connection was aborted by the software in your host machine
2025-11-15 18:48:23,699 [ERROR] Failed to send state: [WinError 10053] An established connection was aborted by the software in your host machine
2025-11-15 18:48:23,750 [ERROR] Failed to send state: [WinError 10053] An established connection was aborted by the software in your host machine
2025-11-15 18:48:23,801 [ERROR] Failed to send state: [WinError 10053] An established connection was aborted by the software in your host machine
2025-11-15 18:48:23,852 [ERROR] Failed to send state: [WinError 10053] An established connection was aborted by the software in your host machine
2025-11-15 18:48:23,903 [ERROR] Failed to send state: [WinError 10053] An established connection was aborted by the software in your host machine
2025-11-15 18:48:23,955 [ERROR] Failed to send state: [WinError 10053] An established connection was aborted by the software in your host machine
2025-11-15 18:48:24,007 [ERROR] Failed to send state: [WinError 10053] An established connection was aborted by the software in your host machine
2025-11-15 18:48:24,058 [ERROR] Failed to send state: [WinError 10053] An established connection was aborted by the software in your host machine
2025-11-15 18:48:24,108 [ERROR] Failed to send state: [WinError 10053] An established connection was aborted by the software in your host machine
2025-11-15 18:48:24,159 [ERROR] Failed to send state: [WinError 10053] An established connection was aborted by the software in your host machine
2025-11-15 18:48:24,210 [ERROR] Failed to send state: [WinError 10053] An established connection was aborted by the software in your host machine
2025-11-15 18:48:24,262 [ERROR] Failed to send state: [WinError 10053] An established connection was aborted by the software in your host machine
2025-11-15 18:48:24,313 [ERROR] Failed to send state: [WinError 10053] An established connection was aborted by the software in your host machine
2025-11-15 18:48:24,364 [ERROR] Failed to send state: [WinError 10053] An established connection was aborted by the software in your host machine
2025-11-15 18:48:24,415 [ERROR] Failed to send state: [WinError 10053] An established connection was aborted by the software in your host machine
2025-11-15 18:48:24,466 [ERROR] Failed to send state: [WinError 10053] An established connection was aborted by the software in your host machine
2025-11-15 18:48:24,517 [ERROR] Failed to send state: [WinError 10053] An established connection was aborted by the software in your host machine
2025-11-15 18:48:24,568 [ERROR] Failed to send state: [WinError 10053] An established connection was aborted by the software in your host machine
2025-11-15 18:48:24,619 [ERROR] Failed to send state: [WinError 10053] An established connection was aborted by the software in your host machine
2025-11-15 18:48:24,670 [ERROR] Failed to send state: [WinError 10053] An established connection was aborted by the software in your host machine
2025-11-15 18:48:24,721 [ERROR] Failed to send state: [WinError 10053] An established connection was aborted by the software in your host machine
2025-11-15 18:48:24,772 [ERROR] Failed to send state: [WinError 10053] An established connection was aborted by the software in your host machine
2025-11-15 18:48:24,824 [ERROR] Failed to send state: [WinError 10053] An established connection was aborted by the software in your host machine
2025-11-15 18:48:24,875 [ERROR] Failed to send state: [WinError 10053] An established connection was aborted by the software in your host machine
2025-11-15 18:48:24,926 [ERROR] Failed to send state: [WinError 10053] An established connection was aborted by the software in your host machine
2025-11-15 18:48:24,977 [ERROR] Failed to send state: [WinError 10053] An established connection was aborted by the software in your host machine
2025-11-15 18:48:25,028 [ERROR] Failed to send state: [WinError 10053] An established connection was aborted by the software in your host machine
2025-11-15 18:48:25,079 [ERROR] Failed to send state: [WinError 10053] An established connection was aborted by the software in your host machine
2025-11-15 18:48:25,130 [ERROR] Failed to send state: [WinError 10053] An established connection was aborted by the software in your host machine
2025-11-15 18:48:25,181 [ERROR] Failed to send state: [WinError 10053] An established connection was aborted by the software in your host machine
2025-11-15 18:48:25,232 [ERROR] Failed to send state: [WinError 10053] An established connection was aborted by the software in your host machine
2025-11-15 18:48:25,283 [ERROR] Failed to send state: [WinError 10053] An established connection was aborted by the software in your host machine
2025-11-15 18:48:25,334 [ERROR] Failed to send state: [WinError 10053] An established connection was aborted by the software in your host machine
2025-11-15 18:48:25,385 [ERROR] Failed to send state: [WinError 10053] An established connection was aborted by the software in your host machine
2025-11-15 18:48:25,436 [ERROR] Failed to send state: [WinError 10053] An established connection was aborted by the software in your host machine
2025-11-15 18:48:25,488 [ERROR] Failed to send state: [WinError 10053] An established connection was aborted by the software in your host machine
2025-11-15 18:48:25,539 [ERROR] Failed to send state: [WinError 10053] An established connection was aborted by the software in your host machine
2025-11-15 18:48:25,590 [ERROR] Failed to send state: [WinError 10053] An established connection was aborted by the software in your host machine
2025-11-15 18:48:25,641 [ERROR] Failed to send state: [WinError 10053] An established connection was aborted by the software in your host machine
2025-11-15 18:48:25,692 [ERROR] Failed to send state: [WinError 10053] An established connection was aborted by the software in your host machine
2025-11-15 18:48:25,743 [ERROR] Failed to send state: [WinError 10053] An established connection was aborted by the software in your host machine
2025-11-15 18:48:25,794 [ERROR] Failed to send state: [WinError 10053] An established connection was aborted by the software in your host machine
2025-11-15 18:48:25,845 [ERROR] Failed to send state: [WinError 10053] An established connection was aborted by the software in your host machine
2025-11-15 18:48:25,896 [ERROR] Failed to send state: [WinError 10053] An established connection was aborted by the software in your host machine
2025-11-15 18:48:25,947 [ERROR] Failed to send state: [WinError 10053] An established connection was aborted by the software in your host machine
2025-11-15 18:48:25,998 [ERROR] Failed to send state: [WinError 10053] An established connection was aborted by the software in your host machine
2025-11-15 18:48:26,049 [ERROR] Failed to send state: [WinError 10053] An established connection was aborted by the software in your host machine
2025-11-15 18:48:26,100 [ERROR] Failed to send state: [WinError 10053] An established connection was aborted by the software in your host machine
2025-11-15 18:48:26,150 [ERROR] Failed to send state: [WinError 10053] An established connection was aborted by the software in your host machine
2025-11-15 18:48:26,202 [ERROR] Failed to send state: [WinError 10053] An established connection was aborted by the software in your host machine
2025-11-15 18:48:26,252 [ERROR] Failed to send state: [WinError 10053] An established connection was aborted by the software in your host machine
2025-11-15 18:48:26,303 [ERROR] Failed to send state: [WinError 10053] An established connection was aborted by the software in your host machine
2025-11-15 18:48:26,354 [ERROR] Failed to send state: [WinError 10053] An established connection was aborted by the software in your host machine
2025-11-15 18:48:26,405 [ERROR] Failed to send state: [WinError 10053] An established connection was aborted by the software in your host machine
2025-11-15 18:48:26,456 [ERROR] Failed to send state: [WinError 10053] An established connection was aborted by the software in your host machine
2025-11-15 18:48:26,506 [ERROR] Failed to send state: [WinError 10053] An established connection was aborted by the software in your host machine
2025-11-15 18:48:26,557 [ERROR] Failed to send state: [WinError 10053] An established connection was aborted by the software in your host machine
2025-11-15 18:48:26,608 [ERROR] Failed to send state: [WinError 10053] An established connection was aborted by the software in your host machine
2025-11-15 18:48:26,659 [ERROR] Failed to send state: [WinError 10053] An established connection was aborted by the software in your host machine
2025-11-15 18:48:26,709 [ERROR] Failed to send state: [WinError 10053] An established connection was aborted by the software in your host machine
2025-11-15 18:48:26,760 [ERROR] Failed to send state: [WinError 10053] An established connection was aborted by the software in your host machine
2025-11-15 18:48:26,811 [ERROR] Failed to send state: [WinError 10053] An established connection was aborted by the software in your host machine
2025-11-15 18:48:26,862 [ERROR] Failed to send state: [WinError 10053] An established connection was aborted by the software in your host machine
2025-11-15 18:48:26,912 [ERROR] Failed to send state: [WinError 10053] An established connection was aborted by the software in your host machine
2025-11-15 18:48:26,963 [ERROR] Failed to send state: [WinError 10053] An established connection was aborted by the software in your host machine
2025-11-15 18:48:27,014 [ERROR] Failed to send state: [WinError 10053] An established connection was aborted by the software in your host machine
2025-11-15 18:48:27,065 [ERROR] Failed to send state: [WinError 10053] An established connection was aborted by the software in your host machine
2025-11-15 18:48:27,117 [ERROR] Failed to send state: [WinError 10053] An established connection was aborted by the software in your host machine
2025-11-15 18:48:27,167 [ERROR] Failed to send state: [WinError 10053] An established connection was aborted by the software in your host machine
2025-11-15 18:48:27,218 [ERROR] Failed to send state: [WinError 10053] An established connection was aborted by the software in your host machine
2025-11-15 18:48:27,269 [ERROR] Failed to send state: [WinError 10053] An established connection was aborted by the software in your host machine
2025-11-15 18:48:27,320 [ERROR] Failed to send state: [WinError 10053] An established connection was aborted by the software in your host machine
2025-11-15 18:48:27,370 [ERROR] Failed to send state: [WinError 10053] An established connection was aborted by the software in your host machine
2025-11-15 18:48:27,421 [ERROR] Failed to send state: [WinError 10053] An established connection was aborted by the software in your host machine
2025-11-15 18:48:27,472 [ERROR] Failed to send state: [WinError 10053] An established connection was aborted by the software in your host machine
2025-11-15 18:48:27,523 [ERROR] Failed to send state: [WinError 10053] An established connection was aborted by the software in your host machine
2025-11-15 18:48:27,574 [ERROR] Failed to send state: [WinError 10053] An established connection was aborted by the software in your host machine
2025-11-15 18:48:27,625 [ERROR] Failed to send state: [WinError 10053] An established connection was aborted by the software in your host machine
2025-11-15 18:48:27,676 [ERROR] Failed to send state: [WinError 10053] An established connection was aborted by the software in your host machine
2025-11-15 18:48:27,727 [ERROR] Failed to send state: [WinError 10053] An established connection was aborted by the software in your host machine
2025-11-15 18:48:27,778 [ERROR] Failed to send state: [WinError 10053] An established connection was aborted by the software in your host machine
2025-11-15 18:48:27,829 [ERROR] Failed to send state: [WinError 10053] An established connection was aborted by the software in your host machine
2025-11-15 18:48:27,879 [ERROR] Failed to send state: [WinError 10053] An established connection was aborted by the software in your host machine
2025-11-15 18:48:27,930 [ERROR] Failed to send state: [WinError 10053] An established connection was aborted by the software in your host machine
2025-11-15 18:48:27,981 [ERROR] Failed to send state: [WinError 10053] An established connection was aborted by the software in your host machine
2025-11-15 18:48:28,032 [ERROR] Failed to send state: [WinError 10053] An established connection was aborted by the software in your host machine
2025-11-15 18:48:28,083 [ERROR] Failed to send state: [WinError 10053] An established connection was aborted by the software in your host machine
2025-11-15 18:48:28,134 [ERROR] Failed to send state: [WinError 10053] An established connection was aborted by the software in your host machine
2025-11-15 18:48:28,185 [ERROR] Failed to send state: [WinError 10053] An established connection was aborted by the software in your host machine
2025-11-15 18:48:28,236 [ERROR] Failed to send state: [WinError 10053] An established connection was aborted by the software in your host machine
2025-11-15 18:48:28,287 [ERROR] Failed to send state: [WinError 10053] An established connection was aborted by the software in your host machine
2025-11-15 18:48:28,337 [ERROR] Failed to send state: [WinError 10053] An established connection was aborted by the software in your host machine
2025-11-15 18:48:28,388 [ERROR] Failed to send state: [WinError 10053] An established connection was aborted by the software in your host machine
2025-11-15 18:48:28,439 [ERROR] Failed to send state: [WinError 10053] An established connection was aborted by the software in your host machine
2025-11-15 18:48:28,490 [ERROR] Failed to send state: [WinError 10053] An established connection was aborted by the software in your host machine
2025-11-15 18:48:28,541 [ERROR] Failed to send state: [WinError 10053] An established connection was aborted by the software in your host machine
2025-11-15 18:48:28,592 [ERROR] Failed to send state: [WinError 10053] An established connection was aborted by the software in your host machine
2025-11-15 18:48:28,643 [ERROR] Failed to send state: [WinError 10053] An established connection was aborted by the software in your host machine
2025-11-15 18:48:28,694 [ERROR] Failed to send state: [WinError 10053] An established connection was aborted by the software in your host machine
2025-11-15 18:48:28,745 [ERROR] Failed to send state: [WinError 10053] An established connection was aborted by the software in your host machine
2025-11-15 18:48:28,795 [ERROR] Failed to send state: [WinError 10053] An established connection was aborted by the software in your host machine
2025-11-15 18:48:28,846 [ERROR] Failed to send state: [WinError 10053] An established connection was aborted by the software in your host machine
2025-11-15 18:48:28,897 [ERROR] Failed to send state: [WinError 10053] An established connection was aborted by the software in your host machine
2025-11-15 18:48:28,948 [ERROR] Failed to send state: [WinError 10053] An established connection was aborted by the software in your host machine
2025-11-15 18:48:28,999 [ERROR] Failed to send state: [WinError 10053] An established connection was aborted by the software in your host machine
2025-11-15 18:48:29,050 [ERROR] Failed to send state: [WinError 10053] An established connection was aborted by the software in your host machine
2025-11-15 18:48:29,101 [ERROR] Failed to send state: [WinError 10053] An established connection was aborted by the software in your host machine
2025-11-15 18:48:29,152 [ERROR] Failed to send state: [WinError 10053] An established connection was aborted by the software in your host machine
2025-11-15 18:48:29,203 [ERROR] Failed to send state: [WinError 10053] An established connection was aborted by the software in your host machine
2025-11-15 18:48:29,253 [ERROR] Failed to send state: [WinError 10053] An established connection was aborted by the software in your host machine
2025-11-15 18:48:29,304 [ERROR] Failed to send state: [WinError 10053] An established connection was aborted by the software in your host machine
2025-11-15 18:48:29,355 [ERROR] Failed to send state: [WinError 10053] An established connection was aborted by the software in your host machine
2025-11-15 18:48:29,406 [ERROR] Failed to send state: [WinError 10053] An established connection was aborted by the software in your host machine
2025-11-15 18:48:29,457 [ERROR] Failed to send state: [WinError 10053] An established connection was aborted by the software in your host machine
2025-11-15 18:48:29,507 [ERROR] Failed to send state: [WinError 10053] An established connection was aborted by the software in your host machine
2025-11-15 18:48:29,558 [ERROR] Failed to send state: [WinError 10053] An established connection was aborted by the software in your host machine
2025-11-15 18:48:29,608 [ERROR] Failed to send state: [WinError 10053] An established connection was aborted by the software in your host machine
2025-11-15 18:48:29,659 [ERROR] Failed to send state: [WinError 10053] An established connection was aborted by the software in your host machine
2025-11-15 18:48:29,710 [ERROR] Failed to send state: [WinError 10053] An established connection was aborted by the software in your host machine
2025-11-15 18:48:29,762 [ERROR] Failed to send state: [WinError 10053] An established connection was aborted by the software in your host machine
2025-11-15 18:48:29,813 [ERROR] Failed to send state: [WinError 10053] An established connection was aborted by the software in your host machine
2025-11-15 18:48:29,863 [ERROR] Failed to send state: [WinError 10053] An established connection was aborted by the software in your host machine
2025-11-15 18:48:29,914 [ERROR] Failed to send state: [WinError 10053] An established connection was aborted by the software in your host machine
2025-11-15 18:48:29,965 [ERROR] Failed to send state: [WinError 10053] An established connection was aborted by the software in your host machine
2025-11-15 18:48:30,016 [ERROR] Failed to send state: [WinError 10053] An established connection was aborted by the software in your host machine
2025-11-15 18:48:30,068 [ERROR] Failed to send state: [WinError 10053] An established connection was aborted by the software in your host machine
2025-11-15 18:48:30,118 [ERROR] Failed to send state: [WinError 10053] An established connection was aborted by the software in your host machine
2025-11-15 18:48:30,169 [ERROR] Failed to send state: [WinError 10053] An established connection was aborted by the software in your host machine
2025-11-15 18:48:30,219 [ERROR] Failed to send state: [WinError 10053] An established connection was aborted by the software in your host machine
2025-11-15 18:48:30,270 [ERROR] Failed to send state: [WinError 10053] An established connection was aborted by the software in your host machine
2025-11-15 18:48:30,322 [ERROR] Failed to send state: [WinError 10053] An established connection was aborted by the software in your host machine
2025-11-15 18:48:30,372 [ERROR] Failed to send state: [WinError 10053] An established connection was aborted by the software in your host machine
2025-11-15 18:48:30,423 [ERROR] Failed to send state: [WinError 10053] An established connection was aborted by the software in your host machine
2025-11-15 18:48:30,474 [ERROR] Failed to send state: [WinError 10053] An established connection was aborted by the software in your host machine
2025-11-15 18:48:30,525 [ERROR] Failed to send state: [WinError 10053] An established connection was aborted by the software in your host machine
2025-11-15 18:48:30,575 [ERROR] Failed to send state: [WinError 10053] An established connection was aborted by the software in your host machine
2025-11-15 18:48:30,627 [ERROR] Failed to send state: [WinError 10053] An established connection was aborted by the software in your host machine
2025-11-15 18:48:30,678 [ERROR] Failed to send state: [WinError 10053] An established connection was aborted by the software in your host machine
2025-11-15 18:48:30,729 [ERROR] Failed to send state: [WinError 10053] An established connection was aborted by the software in your host machine
2025-11-15 18:48:30,780 [ERROR] Failed to send state: [WinError 10053] An established connection was aborted by the software in your host machine
2025-11-15 18:48:30,831 [ERROR] Failed to send state: [WinError 10053] An established connection was aborted by the software in your host machine
2025-11-15 18:48:30,882 [ERROR] Failed to send state: [WinError 10053] An established connection was aborted by the software in your host machine
2025-11-15 18:48:30,933 [ERROR] Failed to send state: [WinError 10053] An established connection was aborted by the software in your host machine
2025-11-15 18:48:30,984 [ERROR] Failed to send state: [WinError 10053] An established connection was aborted by the software in your host machine
2025-11-15 18:48:31,035 [ERROR] Failed to send state: [WinError 10053] An established connection was aborted by the software in your host machine
2025-11-15 18:48:31,086 [ERROR] Failed to send state: [WinError 10053] An established connection was aborted by the software in your host machine
2025-11-15 18:48:31,137 [ERROR] Failed to send state: [WinError 10053] An established connection was aborted by the software in your host machine
2025-11-15 18:48:31,188 [ERROR] Failed to send state: [WinError 10053] An established connection was aborted by the software in your host machine
2025-11-15 18:48:31,239 [ERROR] Failed to send state: [WinError 10053] An established connection was aborted by the software in your host machine
2025-11-15 18:48:31,290 [ERROR] Failed to send state: [WinError 10053] An established connection was aborted by the software in your host machine
2025-11-15 18:48:31,341 [ERROR] Failed to send state: [WinError 10053] An established connection was aborted by the software in your host machine
2025-11-15 18:48:31,392 [ERROR] Failed to send state: [WinError 10053] An established connection was aborted by the software in your host machine
2025-11-15 18:48:31,443 [ERROR] Failed to send state: [WinError 10053] An established connection was aborted by the software in your host machine
2025-11-15 18:48:31,494 [ERROR] Failed to send state: [WinError 10053] An established connection was aborted by the software in your host machine
2025-11-15 18:48:31,544 [ERROR] Failed to send state: [WinError 10053] An established connection was aborted by the software in your host machine
2025-11-15 18:48:31,595 [ERROR] Failed to send state: [WinError 10053] An established connection was aborted by the software in your host machine
2025-11-15 18:48:31,646 [ERROR] Failed to send state: [WinError 10053] An established connection was aborted by the software in your host machine
2025-11-15 18:48:31,697 [ERROR] Failed to send state: [WinError 10053] An established connection was aborted by the software in your host machine
2025-11-15 18:48:31,748 [ERROR] Failed to send state: [WinError 10053] An established connection was aborted by the software in your host machine
2025-11-15 18:48:31,799 [ERROR] Failed to send state: [WinError 10053] An established connection was aborted by the software in your host machine
2025-11-15 18:48:31,850 [ERROR] Failed to send state: [WinError 10053] An established connection was aborted by the software in your host machine
2025-11-15 18:48:31,901 [ERROR] Failed to send state: [WinError 10053] An established connection was aborted by the software in your host machine
2025-11-15 18:48:31,953 [ERROR] Failed to send state: [WinError 10053] An established connection was aborted by the software in your host machine
2025-11-15 18:48:32,004 [ERROR] Failed to send state: [WinError 10053] An established connection was aborted by the software in your host machine
2025-11-15 18:48:32,055 [ERROR] Failed to send state: [WinError 10053] An established connection was aborted by the software in your host machine
2025-11-15 18:48:32,106 [ERROR] Failed to send state: [WinError 10053] An established connection was aborted by the software in your host machine
2025-11-15 18:48:32,156 [ERROR] Failed to send state: [WinError 10053] An established connection was aborted by the software in your host machine
2025-11-15 18:48:32,207 [ERROR] Failed to send state: [WinError 10053] An established connection was aborted by the software in your host machine
2025-11-15 18:48:32,259 [ERROR] Failed to send state: [WinError 10053] An established connection was aborted by the software in your host machine
2025-11-15 18:48:32,310 [ERROR] Failed to send state: [WinError 10053] An established connection was aborted by the software in your host machine
2025-11-15 18:48:32,360 [ERROR] Failed to send state: [WinError 10053] An established connection was aborted by the software in your host machine
2025-11-15 18:48:32,411 [ERROR] Failed to send state: [WinError 10053] An established connection was aborted by the software in your host machine
2025-11-15 18:48:32,462 [ERROR] Failed to send state: [WinError 10053] An established connection was aborted by the software in your host machine
2025-11-15 18:48:32,513 [ERROR] Failed to send state: [WinError 10053] An established connection was aborted by the software in your host machine
2025-11-15 18:48:32,564 [ERROR] Failed to send state: [WinError 10053] An established connection was aborted by the software in your host machine
2025-11-15 18:48:32,615 [ERROR] Failed to send state: [WinError 10053] An established connection was aborted by the software in your host machine
2025-11-15 18:48:32,665 [ERROR] Failed to send state: [WinError 10053] An established connection was aborted by the software in your host machine
2025-11-15 18:48:32,716 [ERROR] Failed to send state: [WinError 10053] An established connection was aborted by the software in your host machine
2025-11-15 18:48:32,767 [ERROR] Failed to send state: [WinError 10053] An established connection was aborted by the software in your host machine
2025-11-15 18:48:32,818 [ERROR] Failed to send state: [WinError 10053] An established connection was aborted by the software in your host machine
2025-11-15 18:48:32,868 [ERROR] Failed to send state: [WinError 10053] An established connection was aborted by the software in your host machine
2025-11-15 18:48:32,919 [ERROR] Failed to send state: [WinError 10053] An established connection was aborted by the software in your host machine
2025-11-15 18:48:32,970 [ERROR] Failed to send state: [WinError 10053] An established connection was aborted by the software in your host machine
2025-11-15 18:48:33,020 [ERROR] Failed to send state: [WinError 10053] An established connection was aborted by the software in your host machine
2025-11-15 18:48:33,071 [ERROR] Failed to send state: [WinError 10053] An established connection was aborted by the software in your host machine
2025-11-15 18:48:33,122 [ERROR] Failed to send state: [WinError 10053] An established connection was aborted by the software in your host machine
2025-11-15 18:48:33,173 [ERROR] Failed to send state: [WinError 10053] An established connection was aborted by the software in your host machine
2025-11-15 18:48:33,224 [ERROR] Failed to send state: [WinError 10053] An established connection was aborted by the software in your host machine
2025-11-15 18:48:33,275 [ERROR] Failed to send state: [WinError 10053] An established connection was aborted by the software in your host machine
2025-11-15 18:48:33,325 [ERROR] Failed to send state: [WinError 10053] An established connection was aborted by the software in your host machine
2025-11-15 18:48:33,376 [ERROR] Failed to send state: [WinError 10053] An established connection was aborted by the software in your host machine
2025-11-15 18:48:33,427 [ERROR] Failed to send state: [WinError 10053] An established connection was aborted by the software in your host machine
2025-11-15 18:48:33,477 [ERROR] Failed to send state: [WinError 10053] An established connection was aborted by the software in your host machine
2025-11-15 18:48:33,528 [ERROR] Failed to send state: [WinError 10053] An established connection was aborted by the software in your host machine
2025-11-15 18:48:33,579 [ERROR] Failed to send state: [WinError 10053] An established connection was aborted by the software in your host machine
2025-11-15 18:48:33,629 [ERROR] Failed to send state: [WinError 10053] An established connection was aborted by the software in your host machine
2025-11-15 18:48:33,680 [ERROR] Failed to send state: [WinError 10053] An established connection was aborted by the software in your host machine
2025-11-15 18:48:33,731 [ERROR] Failed to send state: [WinError 10053] An established connection was aborted by the software in your host machine
2025-11-15 18:48:33,782 [ERROR] Failed to send state: [WinError 10053] An established connection was aborted by the software in your host machine
2025-11-15 18:48:33,833 [ERROR] Failed to send state: [WinError 10053] An established connection was aborted by the software in your host machine
2025-11-15 18:48:33,884 [ERROR] Failed to send state: [WinError 10053] An established connection was aborted by the software in your host machine
2025-11-15 18:48:33,935 [ERROR] Failed to send state: [WinError 10053] An established connection was aborted by the software in your host machine
2025-11-15 18:48:33,985 [ERROR] Failed to send state: [WinError 10053] An established connection was aborted by the software in your host machine
2025-11-15 18:48:34,037 [ERROR] Failed to send state: [WinError 10053] An established connection was aborted by the software in your host machine
2025-11-15 18:48:34,088 [ERROR] Failed to send state: [WinError 10053] An established connection was aborted by the software in your host machine
2025-11-15 18:48:34,139 [ERROR] Failed to send state: [WinError 10053] An established connection was aborted by the software in your host machine
2025-11-15 18:48:34,190 [ERROR] Failed to send state: [WinError 10053] An established connection was aborted by the software in your host machine
2025-11-15 18:48:34,240 [ERROR] Failed to send state: [WinError 10053] An established connection was aborted by the software in your host machine
2025-11-15 18:48:34,291 [ERROR] Failed to send state: [WinError 10053] An established connection was aborted by the software in your host machine
2025-11-15 18:48:34,342 [ERROR] Failed to send state: [WinError 10053] An established connection was aborted by the software in your host machine
2025-11-15 18:48:34,393 [ERROR] Failed to send state: [WinError 10053] An established connection was aborted by the software in your host machine
2025-11-15 18:48:34,444 [ERROR] Failed to send state: [WinError 10053] An established connection was aborted by the software in your host machine
2025-11-15 18:48:34,495 [ERROR] Failed to send state: [WinError 10053] An established connection was aborted by the software in your host machine
2025-11-15 18:48:34,546 [ERROR] Failed to send state: [WinError 10053] An established connection was aborted by the software in your host machine
2025-11-15 18:48:34,597 [ERROR] Failed to send state: [WinError 10053] An established connection was aborted by the software in your host machine
2025-11-15 18:48:34,648 [ERROR] Failed to send state: [WinError 10053] An established connection was aborted by the software in your host machine
2025-11-15 18:48:34,699 [ERROR] Failed to send state: [WinError 10053] An established connection was aborted by the software in your host machine
2025-11-15 18:48:34,750 [ERROR] Failed to send state: [WinError 10053] An established connection was aborted by the software in your host machine
2025-11-15 18:48:34,801 [ERROR] Failed to send state: [WinError 10053] An established connection was aborted by the software in your host machine
2025-11-15 18:48:34,852 [ERROR] Failed to send state: [WinError 10053] An established connection was aborted by the software in your host machine
2025-11-15 18:48:34,903 [ERROR] Failed to send state: [WinError 10053] An established connection was aborted by the software in your host machine
2025-11-15 18:48:34,954 [ERROR] Failed to send state: [WinError 10053] An established connection was aborted by the software in your host machine
2025-11-15 18:48:35,005 [ERROR] Failed to send state: [WinError 10053] An established connection was aborted by the software in your host machine
2025-11-15 18:48:35,056 [ERROR] Failed to send state: [WinError 10053] An established connection was aborted by the software in your host machine
2025-11-15 18:48:35,107 [ERROR] Failed to send state: [WinError 10053] An established connection was aborted by the software in your host machine
2025-11-15 18:48:35,158 [ERROR] Failed to send state: [WinError 10053] An established connection was aborted by the software in your host machine
2025-11-15 18:48:35,210 [ERROR] Failed to send state: [WinError 10053] An established connection was aborted by the software in your host machine
2025-11-15 18:48:35,261 [ERROR] Failed to send state: [WinError 10053] An established connection was aborted by the software in your host machine
2025-11-15 18:48:35,312 [ERROR] Failed to send state: [WinError 10053] An established connection was aborted by the software in your host machine
2025-11-15 18:48:35,363 [ERROR] Failed to send state: [WinError 10053] An established connection was aborted by the software in your host machine
2025-11-15 18:48:35,414 [ERROR] Failed to send state: [WinError 10053] An established connection was aborted by the software in your host machine
2025-11-15 18:48:35,464 [ERROR] Failed to send state: [WinError 10053] An established connection was aborted by the software in your host machine
2025-11-15 18:48:35,515 [ERROR] Failed to send state: [WinError 10053] An established connection was aborted by the software in your host machine
2025-11-15 18:48:35,566 [ERROR] Failed to send state: [WinError 10053] An established connection was aborted by the software in your host machine
2025-11-15 18:48:35,617 [ERROR] Failed to send state: [WinError 10053] An established connection was aborted by the software in your host machine
2025-11-15 18:48:35,668 [ERROR] Failed to send state: [WinError 10053] An established connection was aborted by the software in your host machine
2025-11-15 18:48:35,718 [ERROR] Failed to send state: [WinError 10053] An established connection was aborted by the software in your host machine
2025-11-15 18:48:35,770 [ERROR] Failed to send state: [WinError 10053] An established connection was aborted by the software in your host machine
2025-11-15 18:48:35,820 [ERROR] Failed to send state: [WinError 10053] An established connection was aborted by the software in your host machine
2025-11-15 18:48:35,871 [ERROR] Failed to send state: [WinError 10053] An established connection was aborted by the software in your host machine
2025-11-15 18:48:35,922 [ERROR] Failed to send state: [WinError 10053] An established connection was aborted by the software in your host machine
2025-11-15 18:48:35,973 [ERROR] Failed to send state: [WinError 10053] An established connection was aborted by the software in your host machine
2025-11-15 18:48:36,023 [ERROR] Failed to send state: [WinError 10053] An established connection was aborted by the software in your host machine
2025-11-15 18:48:36,074 [ERROR] Failed to send state: [WinError 10053] An established connection was aborted by the software in your host machine
2025-11-15 18:48:36,125 [ERROR] Failed to send state: [WinError 10053] An established connection was aborted by the software in your host machine
2025-11-15 18:48:36,176 [ERROR] Failed to send state: [WinError 10053] An established connection was aborted by the software in your host machine
2025-11-15 18:48:36,227 [ERROR] Failed to send state: [WinError 10053] An established connection was aborted by the software in your host machine
2025-11-15 18:48:36,278 [ERROR] Failed to send state: [WinError 10053] An established connection was aborted by the software in your host machine
2025-11-15 18:48:36,329 [ERROR] Failed to send state: [WinError 10053] An established connection was aborted by the software in your host machine
2025-11-15 18:48:36,379 [ERROR] Failed to send state: [WinError 10053] An established connection was aborted by the software in your host machine
2025-11-15 18:48:36,430 [ERROR] Failed to send state: [WinError 10053] An established connection was aborted by the software in your host machine
2025-11-15 18:48:36,481 [ERROR] Failed to send state: [WinError 10053] An established connection was aborted by the software in your host machine
2025-11-15 18:48:36,532 [ERROR] Failed to send state: [WinError 10053] An established connection was aborted by the software in your host machine
2025-11-15 18:48:36,582 [ERROR] Failed to send state: [WinError 10053] An established connection was aborted by the software in your host machine
2025-11-15 18:48:36,633 [ERROR] Failed to send state: [WinError 10053] An established connection was aborted by the software in your host machine
2025-11-15 18:48:36,684 [ERROR] Failed to send state: [WinError 10053] An established connection was aborted by the software in your host machine
2025-11-15 18:48:36,735 [ERROR] Failed to send state: [WinError 10053] An established connection was aborted by the software in your host machine
2025-11-15 18:48:36,786 [ERROR] Failed to send state: [WinError 10053] An established connection was aborted by the software in your host machine
2025-11-15 18:48:36,836 [ERROR] Failed to send state: [WinError 10053] An established connection was aborted by the software in your host machine
2025-11-15 18:48:36,887 [ERROR] Failed to send state: [WinError 10053] An established connection was aborted by the software in your host machine
2025-11-15 18:48:36,938 [ERROR] Failed to send state: [WinError 10053] An established connection was aborted by the software in your host machine
2025-11-15 18:48:36,989 [ERROR] Failed to send state: [WinError 10053] An established connection was aborted by the software in your host machine
2025-11-15 18:48:37,040 [ERROR] Failed to send state: [WinError 10053] An established connection was aborted by the software in your host machine
2025-11-15 18:48:37,090 [ERROR] Failed to send state: [WinError 10053] An established connection was aborted by the software in your host machine
2025-11-15 18:48:37,141 [ERROR] Failed to send state: [WinError 10053] An established connection was aborted by the software in your host machine
2025-11-15 18:48:37,192 [ERROR] Failed to send state: [WinError 10053] An established connection was aborted by the software in your host machine
2025-11-15 18:48:37,243 [ERROR] Failed to send state: [WinError 10053] An established connection was aborted by the software in your host machine
2025-11-15 18:48:37,294 [ERROR] Failed to send state: [WinError 10053] An established connection was aborted by the software in your host machine
2025-11-15 18:48:37,345 [ERROR] Failed to send state: [WinError 10053] An established connection was aborted by the software in your host machine
2025-11-15 18:48:37,395 [ERROR] Failed to send state: [WinError 10053] An established connection was aborted by the software in your host machine
2025-11-15 18:48:37,446 [ERROR] Failed to send state: [WinError 10053] An established connection was aborted by the software in your host machine
2025-11-15 18:48:37,497 [ERROR] Failed to send state: [WinError 10053] An established connection was aborted by the software in your host machine
2025-11-15 18:48:37,547 [ERROR] Failed to send state: [WinError 10053] An established connection was aborted by the software in your host machine
2025-11-15 18:48:37,598 [ERROR] Failed to send state: [WinError 10053] An established connection was aborted by the software in your host machine
2025-11-15 18:48:37,649 [ERROR] Failed to send state: [WinError 10053] An established connection was aborted by the software in your host machine
2025-11-15 18:48:37,700 [ERROR] Failed to send state: [WinError 10053] An established connection was aborted by the software in your host machine
2025-11-15 18:48:37,751 [ERROR] Failed to send state: [WinError 10053] An established connection was aborted by the software in your host machine
2025-11-15 18:48:37,801 [ERROR] Failed to send state: [WinError 10053] An established connection was aborted by the software in your host machine
2025-11-15 18:48:37,852 [ERROR] Failed to send state: [WinError 10053] An established connection was aborted by the software in your host machine
2025-11-15 18:48:37,904 [ERROR] Failed to send state: [WinError 10053] An established connection was aborted by the software in your host machine
2025-11-15 18:48:37,955 [ERROR] Failed to send state: [WinError 10053] An established connection was aborted by the software in your host machine
2025-11-15 18:48:38,006 [ERROR] Failed to send state: [WinError 10053] An established connection was aborted by the software in your host machine
2025-11-15 18:48:38,056 [ERROR] Failed to send state: [WinError 10053] An established connection was aborted by the software in your host machine
2025-11-15 18:48:38,107 [ERROR] Failed to send state: [WinError 10053] An established connection was aborted by the software in your host machine
2025-11-15 18:48:38,158 [ERROR] Failed to send state: [WinError 10053] An established connection was aborted by the software in your host machine
2025-11-15 18:48:38,208 [ERROR] Failed to send state: [WinError 10053] An established connection was aborted by the software in your host machine
2025-11-15 18:48:38,259 [ERROR] Failed to send state: [WinError 10053] An established connection was aborted by the software in your host machine
2025-11-15 18:48:38,310 [ERROR] Failed to send state: [WinError 10053] An established connection was aborted by the software in your host machine
2025-11-15 18:48:38,361 [ERROR] Failed to send state: [WinError 10053] An established connection was aborted by the software in your host machine
2025-11-15 18:48:38,413 [ERROR] Failed to send state: [WinError 10053] An established connection was aborted by the software in your host machine
2025-11-15 18:48:38,464 [ERROR] Failed to send state: [WinError 10053] An established connection was aborted by the software in your host machine
2025-11-15 18:48:38,514 [ERROR] Failed to send state: [WinError 10053] An established connection was aborted by the software in your host machine
2025-11-15 18:48:38,565 [ERROR] Failed to send state: [WinError 10053] An established connection was aborted by the software in your host machine
2025-11-15 18:48:38,616 [ERROR] Failed to send state: [WinError 10053] An established connection was aborted by the software in your host machine
2025-11-15 18:48:38,667 [ERROR] Failed to send state: [WinError 10053] An established connection was aborted by the software in your host machine
2025-11-15 18:48:38,718 [ERROR] Failed to send state: [WinError 10053] An established connection was aborted by the software in your host machine
2025-11-15 18:48:38,769 [ERROR] Failed to send state: [WinError 10053] An established connection was aborted by the software in your host machine
2025-11-15 18:48:38,820 [ERROR] Failed to send state: [WinError 10053] An established connection was aborted by the software in your host machine
2025-11-15 18:48:38,871 [ERROR] Failed to send state: [WinError 10053] An established connection was aborted by the software in your host machine
2025-11-15 18:48:38,921 [ERROR] Failed to send state: [WinError 10053] An established connection was aborted by the software in your host machine
2025-11-15 18:48:38,972 [ERROR] Failed to send state: [WinError 10053] An established connection was aborted by the software in your host machine
2025-11-15 18:48:39,023 [ERROR] Failed to send state: [WinError 10053] An established connection was aborted by the software in your host machine
2025-11-15 18:48:39,074 [ERROR] Failed to send state: [WinError 10053] An established connection was aborted by the software in your host machine
2025-11-15 18:48:39,125 [ERROR] Failed to send state: [WinError 10053] An established connection was aborted by the software in your host machine
2025-11-15 18:48:39,175 [ERROR] Failed to send state: [WinError 10053] An established connection was aborted by the software in your host machine
2025-11-15 18:48:39,226 [ERROR] Failed to send state: [WinError 10053] An established connection was aborted by the software in your host machine
2025-11-15 18:48:39,277 [ERROR] Failed to send state: [WinError 10053] An established connection was aborted by the software in your host machine
2025-11-15 18:48:39,328 [ERROR] Failed to send state: [WinError 10053] An established connection was aborted by the software in your host machine
2025-11-15 18:48:39,379 [ERROR] Failed to send state: [WinError 10053] An established connection was aborted by the software in your host machine
2025-11-15 18:48:39,430 [ERROR] Failed to send state: [WinError 10053] An established connection was aborted by the software in your host machine
2025-11-15 18:48:39,481 [ERROR] Failed to send state: [WinError 10053] An established connection was aborted by the software in your host machine
2025-11-15 18:48:39,532 [ERROR] Failed to send state: [WinError 10053] An established connection was aborted by the software in your host machine
2025-11-15 18:48:39,583 [ERROR] Failed to send state: [WinError 10053] An established connection was aborted by the software in your host machine
2025-11-15 18:48:39,634 [ERROR] Failed to send state: [WinError 10053] An established connection was aborted by the software in your host machine
2025-11-15 18:48:39,685 [ERROR] Failed to send state: [WinError 10053] An established connection was aborted by the software in your host machine
2025-11-15 18:48:39,736 [ERROR] Failed to send state: [WinError 10053] An established connection was aborted by the software in your host machine
2025-11-15 18:48:39,787 [ERROR] Failed to send state: [WinError 10053] An established connection was aborted by the software in your host machine
2025-11-15 18:48:39,838 [ERROR] Failed to send state: [WinError 10053] An established connection was aborted by the software in your host machine
2025-11-15 18:48:39,889 [ERROR] Failed to send state: [WinError 10053] An established connection was aborted by the software in your host machine
2025-11-15 18:48:39,940 [ERROR] Failed to send state: [WinError 10053] An established connection was aborted by the software in your host machine
2025-11-15 18:48:39,991 [ERROR] Failed to send state: [WinError 10053] An established connection was aborted by the software in your host machine
2025-11-15 18:48:40,041 [ERROR] Failed to send state: [WinError 10053] An established connection was aborted by the software in your host machine
2025-11-15 18:48:40,093 [ERROR] Failed to send state: [WinError 10053] An established connection was aborted by the software in your host machine
2025-11-15 18:48:40,143 [ERROR] Failed to send state: [WinError 10053] An established connection was aborted by the software in your host machine
2025-11-15 18:48:40,194 [ERROR] Failed to send state: [WinError 10053] An established connection was aborted by the software in your host machine
2025-11-15 18:48:40,246 [ERROR] Failed to send state: [WinError 10053] An established connection was aborted by the software in your host machine
2025-11-15 18:48:40,296 [ERROR] Failed to send state: [WinError 10053] An established connection was aborted by the software in your host machine
2025-11-15 18:48:40,347 [ERROR] Failed to send state: [WinError 10053] An established connection was aborted by the software in your host machine
2025-11-15 18:48:40,398 [ERROR] Failed to send state: [WinError 10053] An established connection was aborted by the software in your host machine
2025-11-15 18:48:40,449 [ERROR] Failed to send state: [WinError 10053] An established connection was aborted by the software in your host machine
2025-11-15 18:48:40,500 [ERROR] Failed to send state: [WinError 10053] An established connection was aborted by the software in your host machine
2025-11-15 18:48:40,551 [ERROR] Failed to send state: [WinError 10053] An established connection was aborted by the software in your host machine
2025-11-15 18:48:40,601 [ERROR] Failed to send state: [WinError 10053] An established connection was aborted by the software in your host machine
2025-11-15 18:48:40,652 [ERROR] Failed to send state: [WinError 10053] An established connection was aborted by the software in your host machine
2025-11-15 18:48:40,703 [ERROR] Failed to send state: [WinError 10053] An established connection was aborted by the software in your host machine
2025-11-15 18:48:40,755 [ERROR] Failed to send state: [WinError 10053] An established connection was aborted by the software in your host machine
2025-11-15 18:48:40,805 [ERROR] Failed to send state: [WinError 10053] An established connection was aborted by the software in your host machine
2025-11-15 18:48:40,856 [ERROR] Failed to send state: [WinError 10053] An established connection was aborted by the software in your host machine
2025-11-15 18:48:40,907 [ERROR] Failed to send state: [WinError 10053] An established connection was aborted by the software in your host machine
2025-11-15 18:48:40,958 [ERROR] Failed to send state: [WinError 10053] An established connection was aborted by the software in your host machine
2025-11-15 18:48:41,009 [ERROR] Failed to send state: [WinError 10053] An established connection was aborted by the software in your host machine
2025-11-15 18:48:41,060 [ERROR] Failed to send state: [WinError 10053] An established connection was aborted by the software in your host machine
2025-11-15 18:48:41,111 [ERROR] Failed to send state: [WinError 10053] An established connection was aborted by the software in your host machine
2025-11-15 18:48:41,161 [ERROR] Failed to send state: [WinError 10053] An established connection was aborted by the software in your host machine
2025-11-15 18:48:41,213 [ERROR] Failed to send state: [WinError 10053] An established connection was aborted by the software in your host machine
2025-11-15 18:48:41,263 [ERROR] Failed to send state: [WinError 10053] An established connection was aborted by the software in your host machine
2025-11-15 18:48:41,314 [ERROR] Failed to send state: [WinError 10053] An established connection was aborted by the software in your host machine
2025-11-15 18:48:41,365 [ERROR] Failed to send state: [WinError 10053] An established connection was aborted by the software in your host machine
2025-11-15 18:48:41,416 [ERROR] Failed to send state: [WinError 10053] An established connection was aborted by the software in your host machine
2025-11-15 18:48:41,467 [ERROR] Failed to send state: [WinError 10053] An established connection was aborted by the software in your host machine
2025-11-15 18:48:41,518 [ERROR] Failed to send state: [WinError 10053] An established connection was aborted by the software in your host machine
2025-11-15 18:48:41,569 [ERROR] Failed to send state: [WinError 10053] An established connection was aborted by the software in your host machine
2025-11-15 18:48:41,620 [ERROR] Failed to send state: [WinError 10053] An established connection was aborted by the software in your host machine
2025-11-15 18:48:41,670 [ERROR] Failed to send state: [WinError 10053] An established connection was aborted by the software in your host machine
2025-11-15 18:48:41,721 [ERROR] Failed to send state: [WinError 10053] An established connection was aborted by the software in your host machine
2025-11-15 18:48:41,773 [ERROR] Failed to send state: [WinError 10053] An established connection was aborted by the software in your host machine
2025-11-15 18:48:41,824 [ERROR] Failed to send state: [WinError 10053] An established connection was aborted by the software in your host machine
2025-11-15 18:48:41,875 [ERROR] Failed to send state: [WinError 10053] An established connection was aborted by the software in your host machine
2025-11-15 18:48:41,926 [ERROR] Failed to send state: [WinError 10053] An established connection was aborted by the software in your host machine
2025-11-15 18:48:41,977 [ERROR] Failed to send state: [WinError 10053] An established connection was aborted by the software in your host machine
2025-11-15 18:48:42,028 [ERROR] Failed to send state: [WinError 10053] An established connection was aborted by the software in your host machine
2025-11-15 18:48:42,078 [ERROR] Failed to send state: [WinError 10053] An established connection was aborted by the software in your host machine
2025-11-15 18:48:42,129 [ERROR] Failed to send state: [WinError 10053] An established connection was aborted by the software in your host machine
2025-11-15 18:48:42,180 [ERROR] Failed to send state: [WinError 10053] An established connection was aborted by the software in your host machine
2025-11-15 18:48:42,231 [ERROR] Failed to send state: [WinError 10053] An established connection was aborted by the software in your host machine
2025-11-15 18:48:42,282 [ERROR] Failed to send state: [WinError 10053] An established connection was aborted by the software in your host machine
2025-11-15 18:48:42,332 [ERROR] Failed to send state: [WinError 10053] An established connection was aborted by the software in your host machine
2025-11-15 18:48:42,383 [ERROR] Failed to send state: [WinError 10053] An established connection was aborted by the software in your host machine
2025-11-15 18:48:42,434 [ERROR] Failed to send state: [WinError 10053] An established connection was aborted by the software in your host machine
2025-11-15 18:48:42,484 [ERROR] Failed to send state: [WinError 10053] An established connection was aborted by the software in your host machine
2025-11-15 18:48:42,536 [ERROR] Failed to send state: [WinError 10053] An established connection was aborted by the software in your host machine
2025-11-15 18:48:42,586 [ERROR] Failed to send state: [WinError 10053] An established connection was aborted by the software in your host machine
2025-11-15 18:48:42,638 [ERROR] Failed to send state: [WinError 10053] An established connection was aborted by the software in your host machine
2025-11-15 18:48:42,688 [ERROR] Failed to send state: [WinError 10053] An established connection was aborted by the software in your host machine
2025-11-15 18:48:42,740 [ERROR] Failed to send state: [WinError 10053] An established connection was aborted by the software in your host machine
2025-11-15 18:48:42,791 [ERROR] Failed to send state: [WinError 10053] An established connection was aborted by the software in your host machine
2025-11-15 18:48:42,842 [ERROR] Failed to send state: [WinError 10053] An established connection was aborted by the software in your host machine
2025-11-15 18:48:42,893 [ERROR] Failed to send state: [WinError 10053] An established connection was aborted by the software in your host machine
2025-11-15 18:48:42,944 [ERROR] Failed to send state: [WinError 10053] An established connection was aborted by the software in your host machine
2025-11-15 18:48:42,995 [ERROR] Failed to send state: [WinError 10053] An established connection was aborted by the software in your host machine
2025-11-15 18:48:43,046 [ERROR] Failed to send state: [WinError 10053] An established connection was aborted by the software in your host machine
2025-11-15 18:48:43,097 [ERROR] Failed to send state: [WinError 10053] An established connection was aborted by the software in your host machine
2025-11-15 18:48:43,148 [ERROR] Failed to send state: [WinError 10053] An established connection was aborted by the software in your host machine
2025-11-15 18:48:43,199 [ERROR] Failed to send state: [WinError 10053] An established connection was aborted by the software in your host machine
2025-11-15 18:48:43,250 [ERROR] Failed to send state: [WinError 10053] An established connection was aborted by the software in your host machine
2025-11-15 18:48:43,301 [ERROR] Failed to send state: [WinError 10053] An established connection was aborted by the software in your host machine
2025-11-15 18:48:43,351 [ERROR] Failed to send state: [WinError 10053] An established connection was aborted by the software in your host machine
2025-11-15 18:48:43,402 [ERROR] Failed to send state: [WinError 10053] An established connection was aborted by the software in your host machine
2025-11-15 18:48:43,453 [ERROR] Failed to send state: [WinError 10053] An established connection was aborted by the software in your host machine
2025-11-15 18:48:43,504 [ERROR] Failed to send state: [WinError 10053] An established connection was aborted by the software in your host machine
2025-11-15 18:48:43,555 [ERROR] Failed to send state: [WinError 10053] An established connection was aborted by the software in your host machine
2025-11-15 18:48:43,606 [ERROR] Failed to send state: [WinError 10053] An established connection was aborted by the software in your host machine
2025-11-15 18:48:43,657 [ERROR] Failed to send state: [WinError 10053] An established connection was aborted by the software in your host machine
2025-11-15 18:48:43,708 [ERROR] Failed to send state: [WinError 10053] An established connection was aborted by the software in your host machine
2025-11-15 18:48:43,758 [ERROR] Failed to send state: [WinError 10053] An established connection was aborted by the software in your host machine
2025-11-15 18:48:43,809 [ERROR] Failed to send state: [WinError 10053] An established connection was aborted by the software in your host machine
2025-11-15 18:48:43,860 [ERROR] Failed to send state: [WinError 10053] An established connection was aborted by the software in your host machine
2025-11-15 18:48:43,911 [ERROR] Failed to send state: [WinError 10053] An established connection was aborted by the software in your host machine
2025-11-15 18:48:43,962 [ERROR] Failed to send state: [WinError 10053] An established connection was aborted by the software in your host machine
2025-11-15 18:48:44,013 [ERROR] Failed to send state: [WinError 10053] An established connection was aborted by the software in your host machine
2025-11-15 18:48:44,064 [ERROR] Failed to send state: [WinError 10053] An established connection was aborted by the software in your host machine
2025-11-15 18:48:44,115 [ERROR] Failed to send state: [WinError 10053] An established connection was aborted by the software in your host machine
2025-11-15 18:48:44,166 [ERROR] Failed to send state: [WinError 10053] An established connection was aborted by the software in your host machine
2025-11-15 18:48:44,217 [ERROR] Failed to send state: [WinError 10053] An established connection was aborted by the software in your host machine
2025-11-15 18:48:44,267 [ERROR] Failed to send state: [WinError 10053] An established connection was aborted by the software in your host machine
2025-11-15 18:48:44,319 [ERROR] Failed to send state: [WinError 10053] An established connection was aborted by the software in your host machine
2025-11-15 18:48:44,370 [ERROR] Failed to send state: [WinError 10053] An established connection was aborted by the software in your host machine
2025-11-15 18:48:44,420 [ERROR] Failed to send state: [WinError 10053] An established connection was aborted by the software in your host machine
2025-11-15 18:48:44,471 [ERROR] Failed to send state: [WinError 10053] An established connection was aborted by the software in your host machine
2025-11-15 18:48:44,523 [ERROR] Failed to send state: [WinError 10053] An established connection was aborted by the software in your host machine
2025-11-15 18:48:44,574 [ERROR] Failed to send state: [WinError 10053] An established connection was aborted by the software in your host machine
2025-11-15 18:48:44,625 [ERROR] Failed to send state: [WinError 10053] An established connection was aborted by the software in your host machine
2025-11-15 18:48:44,676 [ERROR] Failed to send state: [WinError 10053] An established connection was aborted by the software in your host machine
2025-11-15 18:48:44,726 [ERROR] Failed to send state: [WinError 10053] An established connection was aborted by the software in your host machine
2025-11-15 18:48:44,777 [ERROR] Failed to send state: [WinError 10053] An established connection was aborted by the software in your host machine
2025-11-15 18:48:44,829 [ERROR] Failed to send state: [WinError 10053] An established connection was aborted by the software in your host machine
2025-11-15 18:48:44,880 [ERROR] Failed to send state: [WinError 10053] An established connection was aborted by the software in your host machine
2025-11-15 18:48:44,931 [ERROR] Failed to send state: [WinError 10053] An established connection was aborted by the software in your host machine
2025-11-15 18:48:44,982 [ERROR] Failed to send state: [WinError 10053] An established connection was aborted by the software in your host machine
2025-11-15 18:48:45,033 [ERROR] Failed to send state: [WinError 10053] An established connection was aborted by the software in your host machine
2025-11-15 18:48:45,084 [ERROR] Failed to send state: [WinError 10053] An established connection was aborted by the software in your host machine
2025-11-15 18:48:45,136 [ERROR] Failed to send state: [WinError 10053] An established connection was aborted by the software in your host machine
2025-11-15 18:48:45,187 [ERROR] Failed to send state: [WinError 10053] An established connection was aborted by the software in your host machine
2025-11-15 18:48:45,238 [ERROR] Failed to send state: [WinError 10053] An established connection was aborted by the software in your host machine
2025-11-15 18:48:45,289 [ERROR] Failed to send state: [WinError 10053] An established connection was aborted by the software in your host machine
2025-11-15 18:48:45,340 [ERROR] Failed to send state: [WinError 10053] An established connection was aborted by the software in your host machine
2025-11-15 18:48:45,391 [ERROR] Failed to send state: [WinError 10053] An established connection was aborted by the software in your host machine
2025-11-15 18:48:45,443 [ERROR] Failed to send state: [WinError 10053] An established connection was aborted by the software in your host machine
2025-11-15 18:48:45,494 [ERROR] Failed to send state: [WinError 10053] An established connection was aborted by the software in your host machine
2025-11-15 18:48:45,545 [ERROR] Failed to send state: [WinError 10053] An established connection was aborted by the software in your host machine
2025-11-15 18:48:45,596 [ERROR] Failed to send state: [WinError 10053] An established connection was aborted by the software in your host machine
2025-11-15 18:48:45,647 [ERROR] Failed to send state: [WinError 10053] An established connection was aborted by the software in your host machine
2025-11-15 18:48:45,699 [ERROR] Failed to send state: [WinError 10053] An established connection was aborted by the software in your host machine
2025-11-15 18:48:45,750 [ERROR] Failed to send state: [WinError 10053] An established connection was aborted by the software in your host machine
2025-11-15 18:48:45,801 [ERROR] Failed to send state: [WinError 10053] An established connection was aborted by the software in your host machine
2025-11-15 18:48:45,851 [ERROR] Failed to send state: [WinError 10053] An established connection was aborted by the software in your host machine
2025-11-15 18:48:45,902 [ERROR] Failed to send state: [WinError 10053] An established connection was aborted by the software in your host machine
2025-11-15 18:48:45,953 [ERROR] Failed to send state: [WinError 10053] An established connection was aborted by the software in your host machine
2025-11-15 18:48:46,003 [ERROR] Failed to send state: [WinError 10053] An established connection was aborted by the software in your host machine
2025-11-15 18:48:46,054 [ERROR] Failed to send state: [WinError 10053] An established connection was aborted by the software in your host machine
2025-11-15 18:48:46,105 [ERROR] Failed to send state: [WinError 10053] An established connection was aborted by the software in your host machine
2025-11-15 18:48:46,156 [ERROR] Failed to send state: [WinError 10053] An established connection was aborted by the software in your host machine
2025-11-15 18:48:46,207 [ERROR] Failed to send state: [WinError 10053] An established connection was aborted by the software in your host machine
2025-11-15 18:48:46,258 [ERROR] Failed to send state: [WinError 10053] An established connection was aborted by the software in your host machine
2025-11-15 18:48:46,309 [ERROR] Failed to send state: [WinError 10053] An established connection was aborted by the software in your host machine
2025-11-15 18:48:46,360 [ERROR] Failed to send state: [WinError 10053] An established connection was aborted by the software in your host machine
2025-11-15 18:48:46,411 [ERROR] Failed to send state: [WinError 10053] An established connection was aborted by the software in your host machine
2025-11-15 18:48:46,462 [ERROR] Failed to send state: [WinError 10053] An established connection was aborted by the software in your host machine
2025-11-15 18:48:46,513 [ERROR] Failed to send state: [WinError 10053] An established connection was aborted by the software in your host machine
2025-11-15 18:48:46,564 [ERROR] Failed to send state: [WinError 10053] An established connection was aborted by the software in your host machine
2025-11-15 18:48:46,615 [ERROR] Failed to send state: [WinError 10053] An established connection was aborted by the software in your host machine
2025-11-15 18:48:46,666 [ERROR] Failed to send state: [WinError 10053] An established connection was aborted by the software in your host machine
2025-11-15 18:48:46,717 [ERROR] Failed to send state: [WinError 10053] An established connection was aborted by the software in your host machine
2025-11-15 18:48:46,768 [ERROR] Failed to send state: [WinError 10053] An established connection was aborted by the software in your host machine
2025-11-15 18:48:46,819 [ERROR] Failed to send state: [WinError 10053] An established connection was aborted by the software in your host machine
2025-11-15 18:48:46,870 [ERROR] Failed to send state: [WinError 10053] An established connection was aborted by the software in your host machine
2025-11-15 18:48:46,921 [ERROR] Failed to send state: [WinError 10053] An established connection was aborted by the software in your host machine
2025-11-15 18:48:46,972 [ERROR] Failed to send state: [WinError 10053] An established connection was aborted by the software in your host machine
2025-11-15 18:48:47,023 [ERROR] Failed to send state: [WinError 10053] An established connection was aborted by the software in your host machine
2025-11-15 18:48:47,074 [ERROR] Failed to send state: [WinError 10053] An established connection was aborted by the software in your host machine
2025-11-15 18:48:47,124 [ERROR] Failed to send state: [WinError 10053] An established connection was aborted by the software in your host machine
2025-11-15 18:48:47,175 [ERROR] Failed to send state: [WinError 10053] An established connection was aborted by the software in your host machine
2025-11-15 18:48:47,226 [ERROR] Failed to send state: [WinError 10053] An established connection was aborted by the software in your host machine
2025-11-15 18:48:47,277 [ERROR] Failed to send state: [WinError 10053] An established connection was aborted by the software in your host machine
2025-11-15 18:48:47,328 [ERROR] Failed to send state: [WinError 10053] An established connection was aborted by the software in your host machine
2025-11-15 18:48:47,378 [ERROR] Failed to send state: [WinError 10053] An established connection was aborted by the software in your host machine
2025-11-15 18:48:47,429 [ERROR] Failed to send state: [WinError 10053] An established connection was aborted by the software in your host machine
2025-11-15 18:48:47,480 [ERROR] Failed to send state: [WinError 10053] An established connection was aborted by the software in your host machine
2025-11-15 18:48:47,531 [ERROR] Failed to send state: [WinError 10053] An established connection was aborted by the software in your host machine
2025-11-15 18:48:47,582 [ERROR] Failed to send state: [WinError 10053] An established connection was aborted by the software in your host machine
2025-11-15 18:48:47,633 [ERROR] Failed to send state: [WinError 10053] An established connection was aborted by the software in your host machine
2025-11-15 18:48:47,684 [ERROR] Failed to send state: [WinError 10053] An established connection was aborted by the software in your host machine
2025-11-15 18:48:47,734 [ERROR] Failed to send state: [WinError 10053] An established connection was aborted by the software in your host machine
2025-11-15 18:48:47,786 [ERROR] Failed to send state: [WinError 10053] An established connection was aborted by the software in your host machine
2025-11-15 18:48:47,837 [ERROR] Failed to send state: [WinError 10053] An established connection was aborted by the software in your host machine
2025-11-15 18:48:47,888 [ERROR] Failed to send state: [WinError 10053] An established connection was aborted by the software in your host machine
2025-11-15 18:48:47,939 [ERROR] Failed to send state: [WinError 10053] An established connection was aborted by the software in your host machine
2025-11-15 18:48:47,989 [ERROR] Failed to send state: [WinError 10053] An established connection was aborted by the software in your host machine
2025-11-15 18:48:48,040 [ERROR] Failed to send state: [WinError 10053] An established connection was aborted by the software in your host machine
2025-11-15 18:48:48,091 [ERROR] Failed to send state: [WinError 10053] An established connection was aborted by the software in your host machine
2025-11-15 18:48:48,142 [ERROR] Failed to send state: [WinError 10053] An established connection was aborted by the software in your host machine
2025-11-15 18:48:48,193 [ERROR] Failed to send state: [WinError 10053] An established connection was aborted by the software in your host machine
2025-11-15 18:48:48,244 [ERROR] Failed to send state: [WinError 10053] An established connection was aborted by the software in your host machine
2025-11-15 18:48:48,295 [ERROR] Failed to send state: [WinError 10053] An established connection was aborted by the software in your host machine
2025-11-15 18:48:48,345 [ERROR] Failed to send state: [WinError 10053] An established connection was aborted by the software in your host machine
2025-11-15 18:48:48,396 [ERROR] Failed to send state: [WinError 10053] An established connection was aborted by the software in your host machine
2025-11-15 18:48:48,448 [ERROR] Failed to send state: [WinError 10053] An established connection was aborted by the software in your host machine
2025-11-15 18:48:48,498 [ERROR] Failed to send state: [WinError 10053] An established connection was aborted by the software in your host machine
2025-11-15 18:48:48,549 [ERROR] Failed to send state: [WinError 10053] An established connection was aborted by the software in your host machine
2025-11-15 18:48:48,600 [ERROR] Failed to send state: [WinError 10053] An established connection was aborted by the software in your host machine
2025-11-15 18:48:48,651 [ERROR] Failed to send state: [WinError 10053] An established connection was aborted by the software in your host machine
2025-11-15 18:48:48,702 [ERROR] Failed to send state: [WinError 10053] An established connection was aborted by the software in your host machine
2025-11-15 18:48:48,753 [ERROR] Failed to send state: [WinError 10053] An established connection was aborted by the software in your host machine
2025-11-15 18:48:48,804 [ERROR] Failed to send state: [WinError 10053] An established connection was aborted by the software in your host machine
2025-11-15 18:48:48,855 [ERROR] Failed to send state: [WinError 10053] An established connection was aborted by the software in your host machine
2025-11-15 18:48:48,905 [ERROR] Failed to send state: [WinError 10053] An established connection was aborted by the software in your host machine
2025-11-15 18:48:48,956 [ERROR] Failed to send state: [WinError 10053] An established connection was aborted by the software in your host machine
2025-11-15 18:48:49,007 [ERROR] Failed to send state: [WinError 10053] An established connection was aborted by the software in your host machine
2025-11-15 18:48:49,058 [ERROR] Failed to send state: [WinError 10053] An established connection was aborted by the software in your host machine
2025-11-15 18:48:49,109 [ERROR] Failed to send state: [WinError 10053] An established connection was aborted by the software in your host machine
2025-11-15 18:48:49,159 [ERROR] Failed to send state: [WinError 10053] An established connection was aborted by the software in your host machine
2025-11-15 18:48:49,211 [ERROR] Failed to send state: [WinError 10053] An established connection was aborted by the software in your host machine
2025-11-15 18:48:49,262 [ERROR] Failed to send state: [WinError 10053] An established connection was aborted by the software in your host machine
2025-11-15 18:48:49,312 [ERROR] Failed to send state: [WinError 10053] An established connection was aborted by the software in your host machine
2025-11-15 18:48:49,363 [ERROR] Failed to send state: [WinError 10053] An established connection was aborted by the software in your host machine
2025-11-15 18:48:49,413 [ERROR] Failed to send state: [WinError 10053] An established connection was aborted by the software in your host machine
2025-11-15 18:48:49,464 [ERROR] Failed to send state: [WinError 10053] An established connection was aborted by the software in your host machine
2025-11-15 18:48:49,515 [ERROR] Failed to send state: [WinError 10053] An established connection was aborted by the software in your host machine
2025-11-15 18:48:49,566 [ERROR] Failed to send state: [WinError 10053] An established connection was aborted by the software in your host machine
2025-11-15 18:48:49,616 [ERROR] Failed to send state: [WinError 10053] An established connection was aborted by the software in your host machine
2025-11-15 18:48:49,667 [ERROR] Failed to send state: [WinError 10053] An established connection was aborted by the software in your host machine
2025-11-15 18:48:49,718 [ERROR] Failed to send state: [WinError 10053] An established connection was aborted by the software in your host machine
2025-11-15 18:48:49,768 [ERROR] Failed to send state: [WinError 10053] An established connection was aborted by the software in your host machine
2025-11-15 18:48:49,819 [ERROR] Failed to send state: [WinError 10053] An established connection was aborted by the software in your host machine
2025-11-15 18:48:49,869 [ERROR] Failed to send state: [WinError 10053] An established connection was aborted by the software in your host machine
2025-11-15 18:48:49,920 [ERROR] Failed to send state: [WinError 10053] An established connection was aborted by the software in your host machine
2025-11-15 18:48:49,970 [ERROR] Failed to send state: [WinError 10053] An established connection was aborted by the software in your host machine
2025-11-15 18:48:50,021 [ERROR] Failed to send state: [WinError 10053] An established connection was aborted by the software in your host machine
2025-11-15 18:48:50,071 [ERROR] Failed to send state: [WinError 10053] An established connection was aborted by the software in your host machine
2025-11-15 18:48:50,122 [ERROR] Failed to send state: [WinError 10053] An established connection was aborted by the software in your host machine
2025-11-15 18:48:50,173 [ERROR] Failed to send state: [WinError 10053] An established connection was aborted by the software in your host machine
2025-11-15 18:48:50,224 [ERROR] Failed to send state: [WinError 10053] An established connection was aborted by the software in your host machine
2025-11-15 18:48:50,275 [ERROR] Failed to send state: [WinError 10053] An established connection was aborted by the software in your host machine
2025-11-15 18:48:50,325 [ERROR] Failed to send state: [WinError 10053] An established connection was aborted by the software in your host machine
2025-11-15 18:48:50,376 [ERROR] Failed to send state: [WinError 10053] An established connection was aborted by the software in your host machine
2025-11-15 18:48:50,427 [ERROR] Failed to send state: [WinError 10053] An established connection was aborted by the software in your host machine
2025-11-15 18:48:50,478 [ERROR] Failed to send state: [WinError 10053] An established connection was aborted by the software in your host machine
2025-11-15 18:48:50,528 [ERROR] Failed to send state: [WinError 10053] An established connection was aborted by the software in your host machine
2025-11-15 18:48:50,579 [ERROR] Failed to send state: [WinError 10053] An established connection was aborted by the software in your host machine
2025-11-15 18:48:50,630 [ERROR] Failed to send state: [WinError 10053] An established connection was aborted by the software in your host machine
2025-11-15 18:48:50,680 [ERROR] Failed to send state: [WinError 10053] An established connection was aborted by the software in your host machine
2025-11-15 18:48:50,730 [ERROR] Failed to send state: [WinError 10053] An established connection was aborted by the software in your host machine
2025-11-15 18:48:50,781 [ERROR] Failed to send state: [WinError 10053] An established connection was aborted by the software in your host machine
2025-11-15 18:48:50,832 [ERROR] Failed to send state: [WinError 10053] An established connection was aborted by the software in your host machine
2025-11-15 18:48:50,882 [ERROR] Failed to send state: [WinError 10053] An established connection was aborted by the software in your host machine
2025-11-15 18:48:50,933 [ERROR] Failed to send state: [WinError 10053] An established connection was aborted by the software in your host machine
2025-11-15 18:48:50,984 [ERROR] Failed to send state: [WinError 10053] An established connection was aborted by the software in your host machine
2025-11-15 18:48:51,035 [ERROR] Failed to send state: [WinError 10053] An established connection was aborted by the software in your host machine
2025-11-15 18:48:51,085 [ERROR] Failed to send state: [WinError 10053] An established connection was aborted by the software in your host machine
2025-11-15 18:48:51,136 [ERROR] Failed to send state: [WinError 10053] An established connection was aborted by the software in your host machine
2025-11-15 18:48:51,187 [ERROR] Failed to send state: [WinError 10053] An established connection was aborted by the software in your host machine
2025-11-15 18:48:51,237 [ERROR] Failed to send state: [WinError 10053] An established connection was aborted by the software in your host machine
2025-11-15 18:48:51,288 [ERROR] Failed to send state: [WinError 10053] An established connection was aborted by the software in your host machine
2025-11-15 18:48:51,338 [ERROR] Failed to send state: [WinError 10053] An established connection was aborted by the software in your host machine
2025-11-15 18:48:51,389 [ERROR] Failed to send state: [WinError 10053] An established connection was aborted by the software in your host machine
2025-11-15 18:48:51,440 [ERROR] Failed to send state: [WinError 10053] An established connection was aborted by the software in your host machine
2025-11-15 18:48:51,491 [ERROR] Failed to send state: [WinError 10053] An established connection was aborted by the software in your host machine
2025-11-15 18:48:51,542 [ERROR] Failed to send state: [WinError 10053] An established connection was aborted by the software in your host machine
2025-11-15 18:48:51,592 [ERROR] Failed to send state: [WinError 10053] An established connection was aborted by the software in your host machine
2025-11-15 18:48:51,643 [ERROR] Failed to send state: [WinError 10053] An established connection was aborted by the software in your host machine
2025-11-15 18:48:51,694 [ERROR] Failed to send state: [WinError 10053] An established connection was aborted by the software in your host machine
2025-11-15 18:48:51,746 [ERROR] Failed to send state: [WinError 10053] An established connection was aborted by the software in your host machine
2025-11-15 18:48:51,797 [ERROR] Failed to send state: [WinError 10053] An established connection was aborted by the software in your host machine
2025-11-15 18:48:51,848 [ERROR] Failed to send state: [WinError 10053] An established connection was aborted by the software in your host machine
2025-11-15 18:48:51,898 [ERROR] Failed to send state: [WinError 10053] An established connection was aborted by the software in your host machine
2025-11-15 18:48:51,949 [ERROR] Failed to send state: [WinError 10053] An established connection was aborted by the software in your host machine
2025-11-15 18:48:52,000 [ERROR] Failed to send state: [WinError 10053] An established connection was aborted by the software in your host machine
2025-11-15 18:48:52,051 [ERROR] Failed to send state: [WinError 10053] An established connection was aborted by the software in your host machine
2025-11-15 18:48:52,102 [ERROR] Failed to send state: [WinError 10053] An established connection was aborted by the software in your host machine
2025-11-15 18:48:52,153 [ERROR] Failed to send state: [WinError 10053] An established connection was aborted by the software in your host machine
2025-11-15 18:48:52,204 [ERROR] Failed to send state: [WinError 10053] An established connection was aborted by the software in your host machine
2025-11-15 18:48:52,255 [ERROR] Failed to send state: [WinError 10053] An established connection was aborted by the software in your host machine
2025-11-15 18:48:52,305 [ERROR] Failed to send state: [WinError 10053] An established connection was aborted by the software in your host machine
2025-11-15 18:48:52,356 [ERROR] Failed to send state: [WinError 10053] An established connection was aborted by the software in your host machine
2025-11-15 18:48:52,407 [ERROR] Failed to send state: [WinError 10053] An established connection was aborted by the software in your host machine
2025-11-15 18:48:52,458 [ERROR] Failed to send state: [WinError 10053] An established connection was aborted by the software in your host machine
2025-11-15 18:48:52,509 [ERROR] Failed to send state: [WinError 10053] An established connection was aborted by the software in your host machine
2025-11-15 18:48:52,560 [ERROR] Failed to send state: [WinError 10053] An established connection was aborted by the software in your host machine
2025-11-15 18:48:52,611 [ERROR] Failed to send state: [WinError 10053] An established connection was aborted by the software in your host machine
2025-11-15 18:48:52,661 [ERROR] Failed to send state: [WinError 10053] An established connection was aborted by the software in your host machine
2025-11-15 18:48:52,712 [ERROR] Failed to send state: [WinError 10053] An established connection was aborted by the software in your host machine
2025-11-15 18:48:52,763 [ERROR] Failed to send state: [WinError 10053] An established connection was aborted by the software in your host machine
2025-11-15 18:48:52,814 [ERROR] Failed to send state: [WinError 10053] An established connection was aborted by the software in your host machine
2025-11-15 18:48:52,864 [ERROR] Failed to send state: [WinError 10053] An established connection was aborted by the software in your host machine
2025-11-15 18:48:52,915 [ERROR] Failed to send state: [WinError 10053] An established connection was aborted by the software in your host machine
2025-11-15 18:48:52,966 [ERROR] Failed to send state: [WinError 10053] An established connection was aborted by the software in your host machine
2025-11-15 18:48:53,018 [ERROR] Failed to send state: [WinError 10053] An established connection was aborted by the software in your host machine
2025-11-15 18:48:53,069 [ERROR] Failed to send state: [WinError 10053] An established connection was aborted by the software in your host machine
2025-11-15 18:48:53,120 [ERROR] Failed to send state: [WinError 10053] An established connection was aborted by the software in your host machine
2025-11-15 18:48:53,171 [ERROR] Failed to send state: [WinError 10053] An established connection was aborted by the software in your host machine
2025-11-15 18:48:53,221 [ERROR] Failed to send state: [WinError 10053] An established connection was aborted by the software in your host machine
2025-11-15 18:48:53,273 [ERROR] Failed to send state: [WinError 10053] An established connection was aborted by the software in your host machine
2025-11-15 18:48:53,323 [ERROR] Failed to send state: [WinError 10053] An established connection was aborted by the software in your host machine
2025-11-15 18:48:53,374 [ERROR] Failed to send state: [WinError 10053] An established connection was aborted by the software in your host machine
2025-11-15 18:48:53,425 [ERROR] Failed to send state: [WinError 10053] An established connection was aborted by the software in your host machine
2025-11-15 18:48:53,476 [ERROR] Failed to send state: [WinError 10053] An established connection was aborted by the software in your host machine
2025-11-15 18:48:53,527 [ERROR] Failed to send state: [WinError 10053] An established connection was aborted by the software in your host machine
2025-11-15 18:48:53,578 [ERROR] Failed to send state: [WinError 10053] An established connection was aborted by the software in your host machine
2025-11-15 18:48:53,629 [ERROR] Failed to send state: [WinError 10053] An established connection was aborted by the software in your host machine
2025-11-15 18:48:53,679 [ERROR] Failed to send state: [WinError 10053] An established connection was aborted by the software in your host machine
2025-11-15 18:48:53,731 [ERROR] Failed to send state: [WinError 10053] An established connection was aborted by the software in your host machine
2025-11-15 18:48:53,782 [ERROR] Failed to send state: [WinError 10053] An established connection was aborted by the software in your host machine
2025-11-15 18:48:53,833 [ERROR] Failed to send state: [WinError 10053] An established connection was aborted by the software in your host machine
2025-11-15 18:48:53,884 [ERROR] Failed to send state: [WinError 10053] An established connection was aborted by the software in your host machine
2025-11-15 18:48:53,935 [ERROR] Failed to send state: [WinError 10053] An established connection was aborted by the software in your host machine
2025-11-15 18:48:53,986 [ERROR] Failed to send state: [WinError 10053] An established connection was aborted by the software in your host machine
2025-11-15 18:48:54,037 [ERROR] Failed to send state: [WinError 10053] An established connection was aborted by the software in your host machine
2025-11-15 18:48:54,088 [ERROR] Failed to send state: [WinError 10053] An established connection was aborted by the software in your host machine
2025-11-15 18:48:54,138 [ERROR] Failed to send state: [WinError 10053] An established connection was aborted by the software in your host machine
2025-11-15 18:48:54,190 [ERROR] Failed to send state: [WinError 10053] An established connection was aborted by the software in your host machine
2025-11-15 18:48:54,241 [ERROR] Failed to send state: [WinError 10053] An established connection was aborted by the software in your host machine
2025-11-15 18:48:54,292 [ERROR] Failed to send state: [WinError 10053] An established connection was aborted by the software in your host machine
2025-11-15 18:48:54,342 [ERROR] Failed to send state: [WinError 10053] An established connection was aborted by the software in your host machine
2025-11-15 18:48:54,393 [ERROR] Failed to send state: [WinError 10053] An established connection was aborted by the software in your host machine
2025-11-15 18:48:54,444 [ERROR] Failed to send state: [WinError 10053] An established connection was aborted by the software in your host machine
2025-11-15 18:48:54,495 [ERROR] Failed to send state: [WinError 10053] An established connection was aborted by the software in your host machine
2025-11-15 18:48:54,546 [ERROR] Failed to send state: [WinError 10053] An established connection was aborted by the software in your host machine
2025-11-15 18:48:54,597 [ERROR] Failed to send state: [WinError 10053] An established connection was aborted by the software in your host machine
2025-11-15 18:48:54,648 [ERROR] Failed to send state: [WinError 10053] An established connection was aborted by the software in your host machine
2025-11-15 18:48:54,699 [ERROR] Failed to send state: [WinError 10053] An established connection was aborted by the software in your host machine
2025-11-15 18:48:54,750 [ERROR] Failed to send state: [WinError 10053] An established connection was aborted by the software in your host machine
2025-11-15 18:48:54,801 [ERROR] Failed to send state: [WinError 10053] An established connection was aborted by the software in your host machine
2025-11-15 18:48:54,852 [ERROR] Failed to send state: [WinError 10053] An established connection was aborted by the software in your host machine
2025-11-15 18:48:54,903 [ERROR] Failed to send state: [WinError 10053] An established connection was aborted by the software in your host machine
2025-11-15 18:48:54,954 [ERROR] Failed to send state: [WinError 10053] An established connection was aborted by the software in your host machine
2025-11-15 18:48:55,005 [ERROR] Failed to send state: [WinError 10053] An established connection was aborted by the software in your host machine
2025-11-15 18:48:55,056 [ERROR] Failed to send state: [WinError 10053] An established connection was aborted by the software in your host machine
2025-11-15 18:48:55,107 [ERROR] Failed to send state: [WinError 10053] An established connection was aborted by the software in your host machine
2025-11-15 18:48:55,158 [ERROR] Failed to send state: [WinError 10053] An established connection was aborted by the software in your host machine
2025-11-15 18:48:55,210 [ERROR] Failed to send state: [WinError 10053] An established connection was aborted by the software in your host machine
2025-11-15 18:48:55,261 [ERROR] Failed to send state: [WinError 10053] An established connection was aborted by the software in your host machine
2025-11-15 18:48:55,312 [ERROR] Failed to send state: [WinError 10053] An established connection was aborted by the software in your host machine
2025-11-15 18:48:55,364 [ERROR] Failed to send state: [WinError 10053] An established connection was aborted by the software in your host machine
2025-11-15 18:48:55,415 [ERROR] Failed to send state: [WinError 10053] An established connection was aborted by the software in your host machine
2025-11-15 18:48:55,466 [ERROR] Failed to send state: [WinError 10053] An established connection was aborted by the software in your host machine
2025-11-15 18:48:55,517 [ERROR] Failed to send state: [WinError 10053] An established connection was aborted by the software in your host machine
2025-11-15 18:48:55,567 [ERROR] Failed to send state: [WinError 10053] An established connection was aborted by the software in your host machine
2025-11-15 18:48:55,619 [ERROR] Failed to send state: [WinError 10053] An established connection was aborted by the software in your host machine
2025-11-15 18:48:55,670 [ERROR] Failed to send state: [WinError 10053] An established connection was aborted by the software in your host machine
2025-11-15 18:48:55,721 [ERROR] Failed to send state: [WinError 10053] An established connection was aborted by the software in your host machine
2025-11-15 18:48:55,772 [ERROR] Failed to send state: [WinError 10053] An established connection was aborted by the software in your host machine
2025-11-15 18:48:55,822 [ERROR] Failed to send state: [WinError 10053] An established connection was aborted by the software in your host machine
2025-11-15 18:48:55,873 [ERROR] Failed to send state: [WinError 10053] An established connection was aborted by the software in your host machine
2025-11-15 18:48:55,924 [ERROR] Failed to send state: [WinError 10053] An established connection was aborted by the software in your host machine
2025-11-15 18:48:55,975 [ERROR] Failed to send state: [WinError 10053] An established connection was aborted by the software in your host machine
2025-11-15 18:48:56,026 [ERROR] Failed to send state: [WinError 10053] An established connection was aborted by the software in your host machine
2025-11-15 18:48:56,077 [ERROR] Failed to send state: [WinError 10053] An established connection was aborted by the software in your host machine
2025-11-15 18:48:56,128 [ERROR] Failed to send state: [WinError 10053] An established connection was aborted by the software in your host machine
2025-11-15 18:48:56,179 [ERROR] Failed to send state: [WinError 10053] An established connection was aborted by the software in your host machine
2025-11-15 18:48:56,230 [ERROR] Failed to send state: [WinError 10053] An established connection was aborted by the software in your host machine
2025-11-15 18:48:56,282 [ERROR] Failed to send state: [WinError 10053] An established connection was aborted by the software in your host machine
2025-11-15 18:48:56,333 [ERROR] Failed to send state: [WinError 10053] An established connection was aborted by the software in your host machine
2025-11-15 18:48:56,384 [ERROR] Failed to send state: [WinError 10053] An established connection was aborted by the software in your host machine
2025-11-15 18:48:56,435 [ERROR] Failed to send state: [WinError 10053] An established connection was aborted by the software in your host machine
2025-11-15 18:48:56,486 [ERROR] Failed to send state: [WinError 10053] An established connection was aborted by the software in your host machine
2025-11-15 18:48:56,537 [ERROR] Failed to send state: [WinError 10053] An established connection was aborted by the software in your host machine
2025-11-15 18:48:56,589 [ERROR] Failed to send state: [WinError 10053] An established connection was aborted by the software in your host machine
2025-11-15 18:48:56,640 [ERROR] Failed to send state: [WinError 10053] An established connection was aborted by the software in your host machine
2025-11-15 18:48:56,691 [ERROR] Failed to send state: [WinError 10053] An established connection was aborted by the software in your host machine
2025-11-15 18:48:56,742 [ERROR] Failed to send state: [WinError 10053] An established connection was aborted by the software in your host machine
2025-11-15 18:48:56,793 [ERROR] Failed to send state: [WinError 10053] An established connection was aborted by the software in your host machine
2025-11-15 18:48:56,844 [ERROR] Failed to send state: [WinError 10053] An established connection was aborted by the software in your host machine
2025-11-15 18:48:56,895 [ERROR] Failed to send state: [WinError 10053] An established connection was aborted by the software in your host machine
2025-11-15 18:48:56,946 [ERROR] Failed to send state: [WinError 10053] An established connection was aborted by the software in your host machine
2025-11-15 18:48:56,997 [ERROR] Failed to send state: [WinError 10053] An established connection was aborted by the software in your host machine
2025-11-15 18:48:57,048 [ERROR] Failed to send state: [WinError 10053] An established connection was aborted by the software in your host machine
2025-11-15 18:48:57,100 [ERROR] Failed to send state: [WinError 10053] An established connection was aborted by the software in your host machine
2025-11-15 18:48:57,150 [ERROR] Failed to send state: [WinError 10053] An established connection was aborted by the software in your host machine
2025-11-15 18:48:57,201 [ERROR] Failed to send state: [WinError 10053] An established connection was aborted by the software in your host machine
2025-11-15 18:48:57,252 [ERROR] Failed to send state: [WinError 10053] An established connection was aborted by the software in your host machine
2025-11-15 18:48:57,303 [ERROR] Failed to send state: [WinError 10053] An established connection was aborted by the software in your host machine
2025-11-15 18:48:57,353 [ERROR] Failed to send state: [WinError 10053] An established connection was aborted by the software in your host machine
2025-11-15 18:48:57,404 [ERROR] Failed to send state: [WinError 10053] An established connection was aborted by the software in your host machine
2025-11-15 18:48:57,455 [ERROR] Failed to send state: [WinError 10053] An established connection was aborted by the software in your host machine
2025-11-15 18:48:57,506 [ERROR] Failed to send state: [WinError 10053] An established connection was aborted by the software in your host machine
2025-11-15 18:48:57,556 [ERROR] Failed to send state: [WinError 10053] An established connection was aborted by the software in your host machine
2025-11-15 18:48:57,607 [ERROR] Failed to send state: [WinError 10053] An established connection was aborted by the software in your host machine
2025-11-15 18:48:57,658 [ERROR] Failed to send state: [WinError 10053] An established connection was aborted by the software in your host machine
2025-11-15 18:48:57,709 [ERROR] Failed to send state: [WinError 10053] An established connection was aborted by the software in your host machine
2025-11-15 18:48:57,760 [ERROR] Failed to send state: [WinError 10053] An established connection was aborted by the software in your host machine
2025-11-15 18:48:57,812 [ERROR] Failed to send state: [WinError 10053] An established connection was aborted by the software in your host machine
2025-11-15 18:48:57,863 [ERROR] Failed to send state: [WinError 10053] An established connection was aborted by the software in your host machine
2025-11-15 18:48:57,914 [ERROR] Failed to send state: [WinError 10053] An established connection was aborted by the software in your host machine
2025-11-15 18:48:57,965 [ERROR] Failed to send state: [WinError 10053] An established connection was aborted by the software in your host machine
2025-11-15 18:48:58,015 [ERROR] Failed to send state: [WinError 10053] An established connection was aborted by the software in your host machine
2025-11-15 18:48:58,066 [ERROR] Failed to send state: [WinError 10053] An established connection was aborted by the software in your host machine
2025-11-15 18:48:58,117 [ERROR] Failed to send state: [WinError 10053] An established connection was aborted by the software in your host machine
2025-11-15 18:48:58,168 [ERROR] Failed to send state: [WinError 10053] An established connection was aborted by the software in your host machine
2025-11-15 18:48:58,219 [ERROR] Failed to send state: [WinError 10053] An established connection was aborted by the software in your host machine
2025-11-15 18:48:58,269 [ERROR] Failed to send state: [WinError 10053] An established connection was aborted by the software in your host machine
2025-11-15 18:48:58,320 [ERROR] Failed to send state: [WinError 10053] An established connection was aborted by the software in your host machine
2025-11-15 18:48:58,371 [ERROR] Failed to send state: [WinError 10053] An established connection was aborted by the software in your host machine
2025-11-15 18:48:58,422 [ERROR] Failed to send state: [WinError 10053] An established connection was aborted by the software in your host machine
2025-11-15 18:48:58,472 [ERROR] Failed to send state: [WinError 10053] An established connection was aborted by the software in your host machine
2025-11-15 18:48:58,523 [ERROR] Failed to send state: [WinError 10053] An established connection was aborted by the software in your host machine
2025-11-15 18:48:58,573 [ERROR] Failed to send state: [WinError 10053] An established connection was aborted by the software in your host machine
2025-11-15 18:48:58,624 [ERROR] Failed to send state: [WinError 10053] An established connection was aborted by the software in your host machine
2025-11-15 18:48:58,675 [ERROR] Failed to send state: [WinError 10053] An established connection was aborted by the software in your host machine
2025-11-15 18:48:58,725 [ERROR] Failed to send state: [WinError 10053] An established connection was aborted by the software in your host machine
2025-11-15 18:48:58,776 [ERROR] Failed to send state: [WinError 10053] An established connection was aborted by the software in your host machine
2025-11-15 18:48:58,827 [ERROR] Failed to send state: [WinError 10053] An established connection was aborted by the software in your host machine
2025-11-15 18:48:58,877 [ERROR] Failed to send state: [WinError 10053] An established connection was aborted by the software in your host machine
2025-11-15 18:48:58,929 [ERROR] Failed to send state: [WinError 10053] An established connection was aborted by the software in your host machine
2025-11-15 18:48:58,980 [ERROR] Failed to send state: [WinError 10053] An established connection was aborted by the software in your host machine
2025-11-15 18:48:59,030 [ERROR] Failed to send state: [WinError 10053] An established connection was aborted by the software in your host machine
2025-11-15 18:48:59,081 [ERROR] Failed to send state: [WinError 10053] An established connection was aborted by the software in your host machine
2025-11-15 18:48:59,132 [ERROR] Failed to send state: [WinError 10053] An established connection was aborted by the software in your host machine
2025-11-15 18:48:59,183 [ERROR] Failed to send state: [WinError 10053] An established connection was aborted by the software in your host machine
2025-11-15 18:48:59,233 [ERROR] Failed to send state: [WinError 10053] An established connection was aborted by the software in your host machine
2025-11-15 18:48:59,284 [ERROR] Failed to send state: [WinError 10053] An established connection was aborted by the software in your host machine
2025-11-15 18:48:59,335 [ERROR] Failed to send state: [WinError 10053] An established connection was aborted by the software in your host machine
2025-11-15 18:48:59,386 [ERROR] Failed to send state: [WinError 10053] An established connection was aborted by the software in your host machine
2025-11-15 18:48:59,436 [ERROR] Failed to send state: [WinError 10053] An established connection was aborted by the software in your host machine
2025-11-15 18:48:59,487 [ERROR] Failed to send state: [WinError 10053] An established connection was aborted by the software in your host machine
2025-11-15 18:48:59,538 [ERROR] Failed to send state: [WinError 10053] An established connection was aborted by the software in your host machine
2025-11-15 18:48:59,589 [ERROR] Failed to send state: [WinError 10053] An established connection was aborted by the software in your host machine
2025-11-15 18:48:59,640 [ERROR] Failed to send state: [WinError 10053] An established connection was aborted by the software in your host machine
2025-11-15 18:48:59,691 [ERROR] Failed to send state: [WinError 10053] An established connection was aborted by the software in your host machine
2025-11-15 18:48:59,742 [ERROR] Failed to send state: [WinError 10053] An established connection was aborted by the software in your host machine
2025-11-15 18:48:59,793 [ERROR] Failed to send state: [WinError 10053] An established connection was aborted by the software in your host machine
2025-11-15 18:48:59,843 [ERROR] Failed to send state: [WinError 10053] An established connection was aborted by the software in your host machine
2025-11-15 18:48:59,894 [ERROR] Failed to send state: [WinError 10053] An established connection was aborted by the software in your host machine
2025-11-15 18:48:59,945 [ERROR] Failed to send state: [WinError 10053] An established connection was aborted by the software in your host machine
2025-11-15 18:48:59,996 [ERROR] Failed to send state: [WinError 10053] An established connection was aborted by the software in your host machine
2025-11-15 18:49:00,046 [ERROR] Failed to send state: [WinError 10053] An established connection was aborted by the software in your host machine
2025-11-15 18:49:00,097 [ERROR] Failed to send state: [WinError 10053] An established connection was aborted by the software in your host machine
2025-11-15 18:49:00,148 [ERROR] Failed to send state: [WinError 10053] An established connection was aborted by the software in your host machine
2025-11-15 18:49:00,199 [ERROR] Failed to send state: [WinError 10053] An established connection was aborted by the software in your host machine
2025-11-15 18:49:00,249 [ERROR] Failed to send state: [WinError 10053] An established connection was aborted by the software in your host machine
2025-11-15 18:49:00,300 [ERROR] Failed to send state: [WinError 10053] An established connection was aborted by the software in your host machine
2025-11-15 18:49:00,351 [ERROR] Failed to send state: [WinError 10053] An established connection was aborted by the software in your host machine
2025-11-15 18:49:00,402 [ERROR] Failed to send state: [WinError 10053] An established connection was aborted by the software in your host machine
2025-11-15 18:49:00,452 [ERROR] Failed to send state: [WinError 10053] An established connection was aborted by the software in your host machine
2025-11-15 18:49:00,504 [ERROR] Failed to send state: [WinError 10053] An established connection was aborted by the software in your host machine
2025-11-15 18:49:00,555 [ERROR] Failed to send state: [WinError 10053] An established connection was aborted by the software in your host machine
2025-11-15 18:49:00,606 [ERROR] Failed to send state: [WinError 10053] An established connection was aborted by the software in your host machine
2025-11-15 18:49:00,657 [ERROR] Failed to send state: [WinError 10053] An established connection was aborted by the software in your host machine
2025-11-15 18:49:00,707 [ERROR] Failed to send state: [WinError 10053] An established connection was aborted by the software in your host machine
2025-11-15 18:49:00,758 [ERROR] Failed to send state: [WinError 10053] An established connection was aborted by the software in your host machine
2025-11-15 18:49:00,809 [ERROR] Failed to send state: [WinError 10053] An established connection was aborted by the software in your host machine
2025-11-15 18:49:00,859 [ERROR] Failed to send state: [WinError 10053] An established connection was aborted by the software in your host machine
2025-11-15 18:49:00,910 [ERROR] Failed to send state: [WinError 10053] An established connection was aborted by the software in your host machine
2025-11-15 18:49:00,961 [ERROR] Failed to send state: [WinError 10053] An established connection was aborted by the software in your host machine
2025-11-15 18:49:01,012 [ERROR] Failed to send state: [WinError 10053] An established connection was aborted by the software in your host machine
2025-11-15 18:49:01,063 [ERROR] Failed to send state: [WinError 10053] An established connection was aborted by the software in your host machine
2025-11-15 18:49:01,114 [ERROR] Failed to send state: [WinError 10053] An established connection was aborted by the software in your host machine
2025-11-15 18:49:01,165 [ERROR] Failed to send state: [WinError 10053] An established connection was aborted by the software in your host machine
2025-11-15 18:49:01,216 [ERROR] Failed to send state: [WinError 10053] An established connection was aborted by the software in your host machine
2025-11-15 18:49:01,267 [ERROR] Failed to send state: [WinError 10053] An established connection was aborted by the software in your host machine
2025-11-15 18:49:01,317 [ERROR] Failed to send state: [WinError 10053] An established connection was aborted by the software in your host machine
2025-11-15 18:49:01,369 [ERROR] Failed to send state: [WinError 10053] An established connection was aborted by the software in your host machine
2025-11-15 18:49:01,420 [ERROR] Failed to send state: [WinError 10053] An established connection was aborted by the software in your host machine
2025-11-15 18:49:01,470 [ERROR] Failed to send state: [WinError 10053] An established connection was aborted by the software in your host machine
2025-11-15 18:49:01,521 [ERROR] Failed to send state: [WinError 10053] An established connection was aborted by the software in your host machine
2025-11-15 18:49:01,572 [ERROR] Failed to send state: [WinError 10053] An established connection was aborted by the software in your host machine
2025-11-15 18:49:01,623 [ERROR] Failed to send state: [WinError 10053] An established connection was aborted by the software in your host machine
2025-11-15 18:49:01,674 [ERROR] Failed to send state: [WinError 10053] An established connection was aborted by the software in your host machine
2025-11-15 18:49:01,725 [ERROR] Failed to send state: [WinError 10053] An established connection was aborted by the software in your host machine
2025-11-15 18:49:01,776 [ERROR] Failed to send state: [WinError 10053] An established connection was aborted by the software in your host machine
2025-11-15 18:49:01,827 [ERROR] Failed to send state: [WinError 10053] An established connection was aborted by the software in your host machine
2025-11-15 18:49:01,877 [ERROR] Failed to send state: [WinError 10053] An established connection was aborted by the software in your host machine
2025-11-15 18:49:01,928 [ERROR] Failed to send state: [WinError 10053] An established connection was aborted by the software in your host machine
2025-11-15 18:49:01,979 [ERROR] Failed to send state: [WinError 10053] An established connection was aborted by the software in your host machine
2025-11-15 18:49:02,030 [ERROR] Failed to send state: [WinError 10053] An established connection was aborted by the software in your host machine
2025-11-15 18:49:02,081 [ERROR] Failed to send state: [WinError 10053] An established connection was aborted by the software in your host machine
2025-11-15 18:49:02,132 [ERROR] Failed to send state: [WinError 10053] An established connection was aborted by the software in your host machine
2025-11-15 18:49:02,182 [ERROR] Failed to send state: [WinError 10053] An established connection was aborted by the software in your host machine
2025-11-15 18:49:02,233 [ERROR] Failed to send state: [WinError 10053] An established connection was aborted by the software in your host machine
2025-11-15 18:49:02,284 [ERROR] Failed to send state: [WinError 10053] An established connection was aborted by the software in your host machine
2025-11-15 18:49:02,334 [ERROR] Failed to send state: [WinError 10053] An established connection was aborted by the software in your host machine
2025-11-15 18:49:02,385 [ERROR] Failed to send state: [WinError 10053] An established connection was aborted by the software in your host machine
2025-11-15 18:49:02,436 [ERROR] Failed to send state: [WinError 10053] An established connection was aborted by the software in your host machine
2025-11-15 18:49:02,487 [ERROR] Failed to send state: [WinError 10053] An established connection was aborted by the software in your host machine
2025-11-15 18:49:02,538 [ERROR] Failed to send state: [WinError 10053] An established connection was aborted by the software in your host machine
2025-11-15 18:49:02,589 [ERROR] Failed to send state: [WinError 10053] An established connection was aborted by the software in your host machine
2025-11-15 18:49:02,639 [ERROR] Failed to send state: [WinError 10053] An established connection was aborted by the software in your host machine
2025-11-15 18:49:02,690 [ERROR] Failed to send state: [WinError 10053] An established connection was aborted by the software in your host machine
2025-11-15 18:49:02,741 [ERROR] Failed to send state: [WinError 10053] An established connection was aborted by the software in your host machine
2025-11-15 18:49:02,792 [ERROR] Failed to send state: [WinError 10053] An established connection was aborted by the software in your host machine
2025-11-15 18:49:02,843 [ERROR] Failed to send state: [WinError 10053] An established connection was aborted by the software in your host machine
2025-11-15 18:49:02,893 [ERROR] Failed to send state: [WinError 10053] An established connection was aborted by the software in your host machine
2025-11-15 18:49:02,944 [ERROR] Failed to send state: [WinError 10053] An established connection was aborted by the software in your host machine
2025-11-15 18:49:02,995 [ERROR] Failed to send state: [WinError 10053] An established connection was aborted by the software in your host machine
2025-11-15 18:49:03,046 [ERROR] Failed to send state: [WinError 10053] An established connection was aborted by the software in your host machine
2025-11-15 18:49:03,097 [ERROR] Failed to send state: [WinError 10053] An established connection was aborted by the software in your host machine
2025-11-15 18:49:03,149 [ERROR] Failed to send state: [WinError 10053] An established connection was aborted by the software in your host machine
2025-11-15 18:49:03,199 [ERROR] Failed to send state: [WinError 10053] An established connection was aborted by the software in your host machine
2025-11-15 18:49:03,250 [ERROR] Failed to send state: [WinError 10053] An established connection was aborted by the software in your host machine
2025-11-15 18:49:03,302 [ERROR] Failed to send state: [WinError 10053] An established connection was aborted by the software in your host machine
2025-11-15 18:49:03,352 [ERROR] Failed to send state: [WinError 10053] An established connection was aborted by the software in your host machine
2025-11-15 18:49:03,403 [ERROR] Failed to send state: [WinError 10053] An established connection was aborted by the software in your host machine
2025-11-15 18:49:03,454 [ERROR] Failed to send state: [WinError 10053] An established connection was aborted by the software in your host machine
2025-11-15 18:49:03,505 [ERROR] Failed to send state: [WinError 10053] An established connection was aborted by the software in your host machine
2025-11-15 18:49:03,555 [ERROR] Failed to send state: [WinError 10053] An established connection was aborted by the software in your host machine
2025-11-15 18:49:03,606 [ERROR] Failed to send state: [WinError 10053] An established connection was aborted by the software in your host machine
2025-11-15 18:49:03,657 [ERROR] Failed to send state: [WinError 10053] An established connection was aborted by the software in your host machine
2025-11-15 18:49:03,707 [ERROR] Failed to send state: [WinError 10053] An established connection was aborted by the software in your host machine
2025-11-15 18:49:03,758 [ERROR] Failed to send state: [WinError 10053] An established connection was aborted by the software in your host machine
2025-11-15 18:49:03,809 [ERROR] Failed to send state: [WinError 10053] An established connection was aborted by the software in your host machine
2025-11-15 18:49:03,860 [ERROR] Failed to send state: [WinError 10053] An established connection was aborted by the software in your host machine
2025-11-15 18:49:03,911 [ERROR] Failed to send state: [WinError 10053] An established connection was aborted by the software in your host machine
2025-11-15 18:49:03,962 [ERROR] Failed to send state: [WinError 10053] An established connection was aborted by the software in your host machine
2025-11-15 18:49:04,013 [ERROR] Failed to send state: [WinError 10053] An established connection was aborted by the software in your host machine
2025-11-15 18:49:04,064 [ERROR] Failed to send state: [WinError 10053] An established connection was aborted by the software in your host machine
2025-11-15 18:49:04,115 [ERROR] Failed to send state: [WinError 10053] An established connection was aborted by the software in your host machine
2025-11-15 18:49:04,166 [ERROR] Failed to send state: [WinError 10053] An established connection was aborted by the software in your host machine
2025-11-15 18:49:04,217 [ERROR] Failed to send state: [WinError 10053] An established connection was aborted by the software in your host machine
2025-11-15 18:49:04,268 [ERROR] Failed to send state: [WinError 10053] An established connection was aborted by the software in your host machine
2025-11-15 18:49:04,319 [ERROR] Failed to send state: [WinError 10053] An established connection was aborted by the software in your host machine
2025-11-15 18:49:04,370 [ERROR] Failed to send state: [WinError 10053] An established connection was aborted by the software in your host machine
2025-11-15 18:49:04,421 [ERROR] Failed to send state: [WinError 10053] An established connection was aborted by the software in your host machine
2025-11-15 18:49:04,471 [ERROR] Failed to send state: [WinError 10053] An established connection was aborted by the software in your host machine
2025-11-15 18:49:04,522 [ERROR] Failed to send state: [WinError 10053] An established connection was aborted by the software in your host machine
2025-11-15 18:49:04,573 [ERROR] Failed to send state: [WinError 10053] An established connection was aborted by the software in your host machine
2025-11-15 18:49:04,624 [ERROR] Failed to send state: [WinError 10053] An established connection was aborted by the software in your host machine
2025-11-15 18:49:04,675 [ERROR] Failed to send state: [WinError 10053] An established connection was aborted by the software in your host machine
2025-11-15 18:49:04,726 [ERROR] Failed to send state: [WinError 10053] An established connection was aborted by the software in your host machine
2025-11-15 18:49:04,777 [ERROR] Failed to send state: [WinError 10053] An established connection was aborted by the software in your host machine
2025-11-15 18:49:04,829 [ERROR] Failed to send state: [WinError 10053] An established connection was aborted by the software in your host machine
2025-11-15 18:49:04,879 [ERROR] Failed to send state: [WinError 10053] An established connection was aborted by the software in your host machine
2025-11-15 18:49:04,930 [ERROR] Failed to send state: [WinError 10053] An established connection was aborted by the software in your host machine
2025-11-15 18:49:04,981 [ERROR] Failed to send state: [WinError 10053] An established connection was aborted by the software in your host machine
2025-11-15 18:49:05,032 [ERROR] Failed to send state: [WinError 10053] An established connection was aborted by the software in your host machine
2025-11-15 18:49:05,083 [ERROR] Failed to send state: [WinError 10053] An established connection was aborted by the software in your host machine
2025-11-15 18:49:05,134 [ERROR] Failed to send state: [WinError 10053] An established connection was aborted by the software in your host machine
2025-11-15 18:49:05,185 [ERROR] Failed to send state: [WinError 10053] An established connection was aborted by the software in your host machine
2025-11-15 18:49:05,235 [ERROR] Failed to send state: [WinError 10053] An established connection was aborted by the software in your host machine
2025-11-15 18:49:05,287 [ERROR] Failed to send state: [WinError 10053] An established connection was aborted by the software in your host machine
2025-11-15 18:49:05,338 [ERROR] Failed to send state: [WinError 10053] An established connection was aborted by the software in your host machine
2025-11-15 18:49:05,389 [ERROR] Failed to send state: [WinError 10053] An established connection was aborted by the software in your host machine
2025-11-15 18:49:05,440 [ERROR] Failed to send state: [WinError 10053] An established connection was aborted by the software in your host machine
2025-11-15 18:49:05,491 [ERROR] Failed to send state: [WinError 10053] An established connection was aborted by the software in your host machine
2025-11-15 18:49:05,541 [ERROR] Failed to send state: [WinError 10053] An established connection was aborted by the software in your host machine
2025-11-15 18:49:05,592 [ERROR] Failed to send state: [WinError 10053] An established connection was aborted by the software in your host machine
2025-11-15 18:49:05,643 [ERROR] Failed to send state: [WinError 10053] An established connection was aborted by the software in your host machine
2025-11-15 18:49:05,693 [ERROR] Failed to send state: [WinError 10053] An established connection was aborted by the software in your host machine
2025-11-15 18:49:05,744 [ERROR] Failed to send state: [WinError 10053] An established connection was aborted by the software in your host machine
2025-11-15 18:49:05,795 [ERROR] Failed to send state: [WinError 10053] An established connection was aborted by the software in your host machine
2025-11-15 18:49:05,845 [ERROR] Failed to send state: [WinError 10053] An established connection was aborted by the software in your host machine
2025-11-15 18:49:05,896 [ERROR] Failed to send state: [WinError 10053] An established connection was aborted by the software in your host machine
2025-11-15 18:49:05,947 [ERROR] Failed to send state: [WinError 10053] An established connection was aborted by the software in your host machine
2025-11-15 18:49:05,998 [ERROR] Failed to send state: [WinError 10053] An established connection was aborted by the software in your host machine
2025-11-15 18:49:06,049 [ERROR] Failed to send state: [WinError 10053] An established connection was aborted by the software in your host machine
2025-11-15 18:49:06,100 [ERROR] Failed to send state: [WinError 10053] An established connection was aborted by the software in your host machine
2025-11-15 18:49:06,151 [ERROR] Failed to send state: [WinError 10053] An established connection was aborted by the software in your host machine
2025-11-15 18:49:06,202 [ERROR] Failed to send state: [WinError 10053] An established connection was aborted by the software in your host machine
2025-11-15 18:49:06,253 [ERROR] Failed to send state: [WinError 10053] An established connection was aborted by the software in your host machine
2025-11-15 18:49:06,304 [ERROR] Failed to send state: [WinError 10053] An established connection was aborted by the software in your host machine
2025-11-15 18:49:06,355 [ERROR] Failed to send state: [WinError 10053] An established connection was aborted by the software in your host machine
2025-11-15 18:49:06,406 [ERROR] Failed to send state: [WinError 10053] An established connection was aborted by the software in your host machine
2025-11-15 18:49:06,457 [ERROR] Failed to send state: [WinError 10053] An established connection was aborted by the software in your host machine
2025-11-15 18:49:06,507 [ERROR] Failed to send state: [WinError 10053] An established connection was aborted by the software in your host machine
2025-11-15 18:49:06,558 [ERROR] Failed to send state: [WinError 10053] An established connection was aborted by the software in your host machine
2025-11-15 18:49:06,609 [ERROR] Failed to send state: [WinError 10053] An established connection was aborted by the software in your host machine
2025-11-15 18:49:06,660 [ERROR] Failed to send state: [WinError 10053] An established connection was aborted by the software in your host machine
2025-11-15 18:49:06,711 [ERROR] Failed to send state: [WinError 10053] An established connection was aborted by the software in your host machine
2025-11-15 18:49:06,762 [ERROR] Failed to send state: [WinError 10053] An established connection was aborted by the software in your host machine
2025-11-15 18:49:06,813 [ERROR] Failed to send state: [WinError 10053] An established connection was aborted by the software in your host machine
2025-11-15 18:49:06,864 [ERROR] Failed to send state: [WinError 10053] An established connection was aborted by the software in your host machine
2025-11-15 18:49:06,915 [ERROR] Failed to send state: [WinError 10053] An established connection was aborted by the software in your host machine
2025-11-15 18:49:06,965 [ERROR] Failed to send state: [WinError 10053] An established connection was aborted by the software in your host machine
2025-11-15 18:49:07,016 [ERROR] Failed to send state: [WinError 10053] An established connection was aborted by the software in your host machine
2025-11-15 18:49:07,066 [ERROR] Failed to send state: [WinError 10053] An established connection was aborted by the software in your host machine
2025-11-15 18:49:07,118 [ERROR] Failed to send state: [WinError 10053] An established connection was aborted by the software in your host machine
2025-11-15 18:49:07,169 [ERROR] Failed to send state: [WinError 10053] An established connection was aborted by the software in your host machine
2025-11-15 18:49:07,220 [ERROR] Failed to send state: [WinError 10053] An established connection was aborted by the software in your host machine
2025-11-15 18:49:07,271 [ERROR] Failed to send state: [WinError 10053] An established connection was aborted by the software in your host machine
2025-11-15 18:49:07,322 [ERROR] Failed to send state: [WinError 10053] An established connection was aborted by the software in your host machine
2025-11-15 18:49:07,373 [ERROR] Failed to send state: [WinError 10053] An established connection was aborted by the software in your host machine
2025-11-15 18:49:07,423 [ERROR] Failed to send state: [WinError 10053] An established connection was aborted by the software in your host machine
2025-11-15 18:49:07,474 [ERROR] Failed to send state: [WinError 10053] An established connection was aborted by the software in your host machine
2025-11-15 18:49:07,525 [ERROR] Failed to send state: [WinError 10053] An established connection was aborted by the software in your host machine
2025-11-15 18:49:07,576 [ERROR] Failed to send state: [WinError 10053] An established connection was aborted by the software in your host machine
2025-11-15 18:49:07,628 [ERROR] Failed to send state: [WinError 10053] An established connection was aborted by the software in your host machine
2025-11-15 18:49:07,678 [ERROR] Failed to send state: [WinError 10053] An established connection was aborted by the software in your host machine
2025-11-15 18:49:07,729 [ERROR] Failed to send state: [WinError 10053] An established connection was aborted by the software in your host machine
2025-11-15 18:49:07,780 [ERROR] Failed to send state: [WinError 10053] An established connection was aborted by the software in your host machine
2025-11-15 18:49:07,830 [ERROR] Failed to send state: [WinError 10053] An established connection was aborted by the software in your host machine
2025-11-15 18:49:07,881 [ERROR] Failed to send state: [WinError 10053] An established connection was aborted by the software in your host machine
2025-11-15 18:49:07,932 [ERROR] Failed to send state: [WinError 10053] An established connection was aborted by the software in your host machine
2025-11-15 18:49:07,983 [ERROR] Failed to send state: [WinError 10053] An established connection was aborted by the software in your host machine
2025-11-15 18:49:08,033 [ERROR] Failed to send state: [WinError 10053] An established connection was aborted by the software in your host machine
2025-11-15 18:49:08,084 [ERROR] Failed to send state: [WinError 10053] An established connection was aborted by the software in your host machine
2025-11-15 18:49:08,135 [ERROR] Failed to send state: [WinError 10053] An established connection was aborted by the software in your host machine
2025-11-15 18:49:08,186 [ERROR] Failed to send state: [WinError 10053] An established connection was aborted by the software in your host machine
2025-11-15 18:49:08,237 [ERROR] Failed to send state: [WinError 10053] An established connection was aborted by the software in your host machine
2025-11-15 18:49:08,287 [ERROR] Failed to send state: [WinError 10053] An established connection was aborted by the software in your host machine
2025-11-15 18:49:08,338 [ERROR] Failed to send state: [WinError 10053] An established connection was aborted by the software in your host machine
2025-11-15 18:49:08,389 [ERROR] Failed to send state: [WinError 10053] An established connection was aborted by the software in your host machine
2025-11-15 18:49:08,440 [ERROR] Failed to send state: [WinError 10053] An established connection was aborted by the software in your host machine
2025-11-15 18:49:08,491 [ERROR] Failed to send state: [WinError 10053] An established connection was aborted by the software in your host machine
2025-11-15 18:49:08,542 [ERROR] Failed to send state: [WinError 10053] An established connection was aborted by the software in your host machine
2025-11-15 18:49:08,593 [ERROR] Failed to send state: [WinError 10053] An established connection was aborted by the software in your host machine
2025-11-15 18:49:08,644 [ERROR] Failed to send state: [WinError 10053] An established connection was aborted by the software in your host machine
2025-11-15 18:49:08,695 [ERROR] Failed to send state: [WinError 10053] An established connection was aborted by the software in your host machine
2025-11-15 18:49:08,746 [ERROR] Failed to send state: [WinError 10053] An established connection was aborted by the software in your host machine
2025-11-15 18:49:08,797 [ERROR] Failed to send state: [WinError 10053] An established connection was aborted by the software in your host machine
2025-11-15 18:49:08,848 [ERROR] Failed to send state: [WinError 10053] An established connection was aborted by the software in your host machine
2025-11-15 18:49:08,899 [ERROR] Failed to send state: [WinError 10053] An established connection was aborted by the software in your host machine
2025-11-15 18:49:08,950 [ERROR] Failed to send state: [WinError 10053] An established connection was aborted by the software in your host machine
2025-11-15 18:49:09,000 [ERROR] Failed to send state: [WinError 10053] An established connection was aborted by the software in your host machine
2025-11-15 18:49:09,052 [ERROR] Failed to send state: [WinError 10053] An established connection was aborted by the software in your host machine
2025-11-15 18:49:09,102 [ERROR] Failed to send state: [WinError 10053] An established connection was aborted by the software in your host machine
2025-11-15 18:49:09,153 [ERROR] Failed to send state: [WinError 10053] An established connection was aborted by the software in your host machine
2025-11-15 18:49:09,204 [ERROR] Failed to send state: [WinError 10053] An established connection was aborted by the software in your host machine
2025-11-15 18:49:09,255 [ERROR] Failed to send state: [WinError 10053] An established connection was aborted by the software in your host machine
2025-11-15 18:49:09,306 [ERROR] Failed to send state: [WinError 10053] An established connection was aborted by the software in your host machine
2025-11-15 18:49:09,357 [ERROR] Failed to send state: [WinError 10053] An established connection was aborted by the software in your host machine
2025-11-15 18:49:09,407 [ERROR] Failed to send state: [WinError 10053] An established connection was aborted by the software in your host machine
2025-11-15 18:49:09,459 [ERROR] Failed to send state: [WinError 10053] An established connection was aborted by the software in your host machine
2025-11-15 18:49:09,509 [ERROR] Failed to send state: [WinError 10053] An established connection was aborted by the software in your host machine
2025-11-15 18:49:09,560 [ERROR] Failed to send state: [WinError 10053] An established connection was aborted by the software in your host machine
2025-11-15 18:49:09,611 [ERROR] Failed to send state: [WinError 10053] An established connection was aborted by the software in your host machine
2025-11-15 18:49:09,662 [ERROR] Failed to send state: [WinError 10053] An established connection was aborted by the software in your host machine
2025-11-15 18:49:09,712 [ERROR] Failed to send state: [WinError 10053] An established connection was aborted by the software in your host machine
2025-11-15 18:49:09,763 [ERROR] Failed to send state: [WinError 10053] An established connection was aborted by the software in your host machine
2025-11-15 18:49:09,814 [ERROR] Failed to send state: [WinError 10053] An established connection was aborted by the software in your host machine
2025-11-15 18:49:09,865 [ERROR] Failed to send state: [WinError 10053] An established connection was aborted by the software in your host machine
2025-11-15 18:49:09,916 [ERROR] Failed to send state: [WinError 10053] An established connection was aborted by the software in your host machine
2025-11-15 18:49:09,967 [ERROR] Failed to send state: [WinError 10053] An established connection was aborted by the software in your host machine
2025-11-15 18:49:10,018 [ERROR] Failed to send state: [WinError 10053] An established connection was aborted by the software in your host machine
2025-11-15 18:49:10,069 [ERROR] Failed to send state: [WinError 10053] An established connection was aborted by the software in your host machine
2025-11-15 18:49:10,120 [ERROR] Failed to send state: [WinError 10053] An established connection was aborted by the software in your host machine
2025-11-15 18:49:10,170 [INFO] ============================================================
2025-11-15 18:49:10,171 [INFO] FULLSCREEN DEMO COMPLETE!
2025-11-15 18:49:10,171 [INFO] Total Frames: 0
2025-11-15 18:49:10,171 [INFO] Duration: 60.0 seconds
2025-11-15 18:49:10,171 [INFO] Average FPS: 0.0
2025-11-15 18:49:10,171 [INFO] TCP Communication: VERIFIED
2025-11-15 18:49:10,171 [INFO] Audio-Reactive Logic: WORKING
2025-11-15 18:49:10,171 [INFO] Scene Transitions: FUNCTIONAL
2025-11-15 18:49:10,171 [INFO] Golden Rule: COMPLIANT
2025-11-15 18:49:10,171 [INFO] ============================================================
2025-11-15 18:49:10,171 [INFO] Disconnected from Director daemon
2025-11-15 18:49:10,172 [INFO] 
DEMO SUCCESSFUL - Director System Fully Operational!
2025-11-15 18:49:10,172 [INFO] Ready for integration with NeonGlyph application
