2025-11-15 18:30:54,338 [INFO] Starting PROJECT NEON-GLYPH Director Daemon
2025-11-15 18:30:54,338 [INFO] Golden Rule: No placeholders, no mocks, no fake data - only real logic
2025-11-15 18:30:54,341 [INFO] Director Daemon started on localhost:9999
2025-11-15 18:31:41,595 [INFO] Received signal 2, shutting down...
2025-11-15 18:31:41,596 [INFO] Stopping Director Daemon...
2025-11-15 18:31:41,596 [INFO] Director Daemon stopped
2025-11-15 18:31:41,596 [INFO] Stopping Director Daemon...
2025-11-15 18:31:41,596 [INFO] Director Daemon stopped
2025-11-15 18:32:20,293 [INFO] Starting PROJECT NEON-GLYPH Director Daemon
2025-11-15 18:32:20,296 [INFO] Golden Rule: No placeholders, no mocks, no fake data - only real logic
2025-11-15 18:32:20,300 [INFO] Director Daemon started on localhost:9999
2025-11-15 18:35:34,276 [INFO] Client connected from ('127.0.0.1', 59840)
2025-11-15 18:35:34,276 [INFO] Handling client ('127.0.0.1', 59840)
2025-11-15 18:35:34,276 [ERROR] Client handler error ('127.0.0.1', 59840): 'tuple' object has no attribute 'priority'
2025-11-15 18:35:34,276 [INFO] Client disconnected ('127.0.0.1', 59840)
2025-11-15 18:36:25,702 [INFO] Starting PROJECT NEON-GLYPH Director Daemon
2025-11-15 18:36:25,703 [INFO] Golden Rule: No placeholders, no mocks, no fake data - only real logic
2025-11-15 18:36:25,706 [INFO] Director Daemon started on localhost:9999
2025-11-15 18:36:46,515 [INFO] Client connected from ('127.0.0.1', 59888)
2025-11-15 18:36:46,515 [INFO] Handling client ('127.0.0.1', 59888)
2025-11-15 18:36:46,515 [INFO] Generated directive: scene=maintain, intensity=0.96
2025-11-15 18:36:46,515 [INFO] Client disconnected ('127.0.0.1', 59888)
2025-11-15 18:37:13,189 [INFO] Client connected from ('127.0.0.1', 59900)
2025-11-15 18:37:13,189 [INFO] Handling client ('127.0.0.1', 59900)
2025-11-15 18:37:13,189 [ERROR] Client handler error ('127.0.0.1', 59900): 'str' object has no attribute 'value'
2025-11-15 18:37:13,189 [INFO] Client disconnected ('127.0.0.1', 59900)
2025-11-15 18:40:09,132 [INFO] Client connected from ('127.0.0.1', 62988)
2025-11-15 18:40:09,133 [INFO] Handling client ('127.0.0.1', 62988)
2025-11-15 18:40:09,134 [INFO] Significant energy change: 0.35
2025-11-15 18:40:09,134 [ERROR] Client handler error ('127.0.0.1', 62988): 'str' object has no attribute 'value'
2025-11-15 18:40:09,134 [INFO] Client disconnected ('127.0.0.1', 62988)
2025-11-15 18:40:18,641 [INFO] Client connected from ('127.0.0.1', 63007)
2025-11-15 18:40:18,641 [INFO] Handling client ('127.0.0.1', 63007)
2025-11-15 18:40:18,652 [INFO] Client disconnected ('127.0.0.1', 63007)
2025-11-15 18:41:20,970 [INFO] Starting PROJECT NEON-GLYPH Director Daemon
2025-11-15 18:41:20,970 [INFO] Golden Rule: No placeholders, no mocks, no fake data - only real logic
2025-11-15 18:41:20,977 [INFO] Director Daemon started on localhost:9999
2025-11-15 18:41:27,986 [INFO] Client connected from ('127.0.0.1', 58240)
2025-11-15 18:41:27,986 [INFO] Handling client ('127.0.0.1', 58240)
2025-11-15 18:41:27,987 [ERROR] Client handler error ('127.0.0.1', 58240): 'str' object has no attribute 'value'
2025-11-15 18:41:27,987 [INFO] Client disconnected ('127.0.0.1', 58240)
2025-11-15 18:41:37,509 [INFO] Client connected from ('127.0.0.1', 58250)
2025-11-15 18:41:37,509 [INFO] Handling client ('127.0.0.1', 58250)
2025-11-15 18:41:37,510 [INFO] Generated directive: scene=maintain, intensity=0.60
2025-11-15 18:41:37,611 [INFO] Generated directive: scene=maintain, intensity=0.60
2025-11-15 18:41:37,712 [INFO] Generated directive: scene=maintain, intensity=0.60
2025-11-15 18:41:37,813 [INFO] Generated directive: scene=maintain, intensity=0.60
2025-11-15 18:41:37,913 [INFO] Generated directive: scene=maintain, intensity=0.60
2025-11-15 18:41:38,015 [INFO] Generated directive: scene=maintain, intensity=0.60
2025-11-15 18:41:38,115 [INFO] Generated directive: scene=maintain, intensity=0.60
2025-11-15 18:41:38,216 [INFO] Generated directive: scene=maintain, intensity=0.60
2025-11-15 18:41:38,317 [INFO] Generated directive: scene=maintain, intensity=0.60
2025-11-15 18:41:38,418 [INFO] Generated directive: scene=maintain, intensity=0.60
2025-11-15 18:41:38,519 [INFO] Generated directive: scene=maintain, intensity=0.60
2025-11-15 18:41:38,620 [INFO] Generated directive: scene=maintain, intensity=0.60
2025-11-15 18:41:38,721 [INFO] Generated directive: scene=maintain, intensity=0.60
2025-11-15 18:41:38,822 [INFO] Generated directive: scene=maintain, intensity=0.60
2025-11-15 18:41:38,923 [INFO] Generated directive: scene=maintain, intensity=0.60
2025-11-15 18:41:39,024 [INFO] Generated directive: scene=maintain, intensity=0.60
2025-11-15 18:41:39,125 [INFO] Generated directive: scene=maintain, intensity=0.60
2025-11-15 18:41:39,226 [INFO] Generated directive: scene=maintain, intensity=0.60
2025-11-15 18:41:39,327 [INFO] Generated directive: scene=maintain, intensity=0.60
2025-11-15 18:41:39,427 [INFO] Generated directive: scene=maintain, intensity=0.60
2025-11-15 18:41:39,528 [INFO] Generated directive: scene=maintain, intensity=0.60
2025-11-15 18:41:39,629 [INFO] Generated directive: scene=maintain, intensity=0.60
2025-11-15 18:41:39,730 [INFO] Generated directive: scene=maintain, intensity=0.60
2025-11-15 18:41:39,831 [INFO] Generated directive: scene=maintain, intensity=0.60
2025-11-15 18:41:39,932 [INFO] Generated directive: scene=maintain, intensity=0.60
2025-11-15 18:41:40,033 [INFO] Generated directive: scene=maintain, intensity=0.60
2025-11-15 18:41:40,135 [INFO] Generated directive: scene=maintain, intensity=0.60
2025-11-15 18:41:40,236 [INFO] Generated directive: scene=maintain, intensity=0.60
2025-11-15 18:41:40,337 [INFO] Generated directive: scene=maintain, intensity=0.60
2025-11-15 18:41:40,438 [INFO] Generated directive: scene=maintain, intensity=0.60
2025-11-15 18:41:40,539 [INFO] Generated directive: scene=maintain, intensity=0.60
2025-11-15 18:41:40,641 [INFO] Generated directive: scene=maintain, intensity=0.60
2025-11-15 18:41:40,742 [INFO] Generated directive: scene=maintain, intensity=0.60
2025-11-15 18:41:40,843 [INFO] Generated directive: scene=maintain, intensity=0.60
2025-11-15 18:41:40,944 [INFO] Generated directive: scene=maintain, intensity=0.60
2025-11-15 18:41:41,045 [INFO] Generated directive: scene=maintain, intensity=0.60
2025-11-15 18:41:41,147 [INFO] Generated directive: scene=maintain, intensity=0.60
2025-11-15 18:41:41,248 [INFO] Generated directive: scene=maintain, intensity=0.60
2025-11-15 18:41:41,349 [INFO] Generated directive: scene=maintain, intensity=0.60
2025-11-15 18:41:41,450 [INFO] Generated directive: scene=maintain, intensity=0.60
2025-11-15 18:41:41,551 [INFO] Generated directive: scene=maintain, intensity=0.60
2025-11-15 18:41:41,653 [INFO] Generated directive: scene=maintain, intensity=0.60
2025-11-15 18:41:41,754 [INFO] Generated directive: scene=maintain, intensity=0.60
2025-11-15 18:41:41,855 [INFO] Generated directive: scene=maintain, intensity=0.60
2025-11-15 18:41:41,956 [INFO] Generated directive: scene=maintain, intensity=0.60
2025-11-15 18:41:42,057 [INFO] Generated directive: scene=maintain, intensity=0.60
2025-11-15 18:41:42,157 [INFO] Generated directive: scene=maintain, intensity=0.60
2025-11-15 18:41:42,258 [INFO] Generated directive: scene=maintain, intensity=0.60
2025-11-15 18:41:42,359 [INFO] Generated directive: scene=maintain, intensity=0.60
2025-11-15 18:41:42,460 [INFO] Generated directive: scene=maintain, intensity=0.60
2025-11-15 18:41:42,561 [INFO] Generated directive: scene=maintain, intensity=0.60
2025-11-15 18:41:42,662 [INFO] Generated directive: scene=maintain, intensity=0.60
2025-11-15 18:41:42,764 [INFO] Generated directive: scene=maintain, intensity=0.60
2025-11-15 18:41:42,865 [INFO] Generated directive: scene=maintain, intensity=0.60
2025-11-15 18:41:42,966 [INFO] Generated directive: scene=maintain, intensity=0.60
2025-11-15 18:41:43,067 [INFO] Generated directive: scene=maintain, intensity=0.60
2025-11-15 18:41:43,168 [INFO] Generated directive: scene=maintain, intensity=0.60
2025-11-15 18:41:43,269 [INFO] Generated directive: scene=maintain, intensity=0.60
2025-11-15 18:41:43,370 [INFO] Generated directive: scene=maintain, intensity=0.60
2025-11-15 18:41:43,471 [INFO] Generated directive: scene=maintain, intensity=0.60
2025-11-15 18:41:43,572 [INFO] Generated directive: scene=maintain, intensity=0.60
2025-11-15 18:41:43,673 [INFO] Generated directive: scene=maintain, intensity=0.60
2025-11-15 18:41:43,773 [INFO] Generated directive: scene=maintain, intensity=0.60
2025-11-15 18:41:43,874 [INFO] Generated directive: scene=maintain, intensity=0.60
2025-11-15 18:41:43,975 [INFO] Generated directive: scene=maintain, intensity=0.60
2025-11-15 18:41:44,076 [INFO] Generated directive: scene=maintain, intensity=0.60
2025-11-15 18:41:44,177 [INFO] Generated directive: scene=maintain, intensity=0.60
2025-11-15 18:41:44,277 [INFO] Generated directive: scene=maintain, intensity=0.60
2025-11-15 18:41:44,378 [INFO] Generated directive: scene=maintain, intensity=0.60
2025-11-15 18:41:44,479 [INFO] Generated directive: scene=maintain, intensity=0.60
2025-11-15 18:41:44,580 [INFO] Generated directive: scene=maintain, intensity=0.60
2025-11-15 18:41:44,681 [INFO] Generated directive: scene=maintain, intensity=0.60
2025-11-15 18:41:44,782 [INFO] Generated directive: scene=maintain, intensity=0.60
2025-11-15 18:41:44,883 [INFO] Generated directive: scene=maintain, intensity=0.60
2025-11-15 18:41:44,984 [INFO] Generated directive: scene=maintain, intensity=0.60
2025-11-15 18:41:45,085 [INFO] Generated directive: scene=maintain, intensity=0.60
2025-11-15 18:41:45,186 [INFO] Generated directive: scene=maintain, intensity=0.60
2025-11-15 18:41:45,287 [INFO] Generated directive: scene=maintain, intensity=0.60
2025-11-15 18:41:45,388 [INFO] Generated directive: scene=maintain, intensity=0.60
2025-11-15 18:41:45,488 [INFO] Generated directive: scene=maintain, intensity=0.60
2025-11-15 18:41:45,589 [INFO] Generated directive: scene=maintain, intensity=0.60
2025-11-15 18:41:45,690 [INFO] Generated directive: scene=maintain, intensity=0.60
2025-11-15 18:41:45,791 [INFO] Generated directive: scene=maintain, intensity=0.60
2025-11-15 18:41:45,891 [INFO] Generated directive: scene=maintain, intensity=0.60
2025-11-15 18:41:45,992 [INFO] Generated directive: scene=maintain, intensity=0.60
2025-11-15 18:41:46,093 [INFO] Generated directive: scene=maintain, intensity=0.60
2025-11-15 18:41:46,194 [INFO] Generated directive: scene=maintain, intensity=0.60
2025-11-15 18:41:46,294 [INFO] Generated directive: scene=maintain, intensity=0.60
2025-11-15 18:41:46,395 [INFO] Generated directive: scene=maintain, intensity=0.60
2025-11-15 18:41:46,496 [INFO] Generated directive: scene=maintain, intensity=0.60
2025-11-15 18:41:46,598 [INFO] Generated directive: scene=maintain, intensity=0.60
2025-11-15 18:41:46,699 [INFO] Generated directive: scene=maintain, intensity=0.60
2025-11-15 18:41:46,800 [INFO] Generated directive: scene=maintain, intensity=0.60
2025-11-15 18:41:46,901 [INFO] Generated directive: scene=maintain, intensity=0.60
2025-11-15 18:41:47,001 [INFO] Generated directive: scene=maintain, intensity=0.60
2025-11-15 18:41:47,102 [INFO] Generated directive: scene=maintain, intensity=0.60
2025-11-15 18:41:47,203 [INFO] Generated directive: scene=maintain, intensity=0.60
2025-11-15 18:41:47,305 [INFO] Generated directive: scene=maintain, intensity=0.60
2025-11-15 18:41:47,406 [INFO] Generated directive: scene=maintain, intensity=0.60
2025-11-15 18:41:47,506 [INFO] Generated directive: scene=maintain, intensity=0.60
2025-11-15 18:41:47,607 [INFO] Generated directive: scene=maintain, intensity=0.60
2025-11-15 18:41:47,708 [INFO] Generated directive: scene=maintain, intensity=0.60
2025-11-15 18:41:47,809 [INFO] Generated directive: scene=maintain, intensity=0.60
2025-11-15 18:41:47,910 [INFO] Generated directive: scene=maintain, intensity=0.60
2025-11-15 18:41:48,012 [INFO] Generated directive: scene=maintain, intensity=0.60
2025-11-15 18:41:48,113 [INFO] Generated directive: scene=maintain, intensity=0.60
2025-11-15 18:41:48,214 [INFO] Generated directive: scene=maintain, intensity=0.60
2025-11-15 18:41:48,314 [INFO] Generated directive: scene=maintain, intensity=0.60
2025-11-15 18:41:48,415 [INFO] Generated directive: scene=maintain, intensity=0.60
2025-11-15 18:41:48,516 [INFO] Generated directive: scene=maintain, intensity=0.60
2025-11-15 18:41:48,617 [INFO] Generated directive: scene=maintain, intensity=0.60
2025-11-15 18:41:48,718 [INFO] Generated directive: scene=maintain, intensity=0.60
2025-11-15 18:41:48,819 [INFO] Generated directive: scene=maintain, intensity=0.60
2025-11-15 18:41:48,920 [INFO] Generated directive: scene=maintain, intensity=0.60
2025-11-15 18:41:49,021 [INFO] Generated directive: scene=maintain, intensity=0.60
2025-11-15 18:41:49,122 [INFO] Generated directive: scene=maintain, intensity=0.60
2025-11-15 18:41:49,223 [INFO] Generated directive: scene=maintain, intensity=0.60
2025-11-15 18:41:49,324 [INFO] Generated directive: scene=maintain, intensity=0.60
2025-11-15 18:41:49,425 [INFO] Generated directive: scene=maintain, intensity=0.60
2025-11-15 18:41:49,525 [INFO] Generated directive: scene=maintain, intensity=0.60
2025-11-15 18:41:49,626 [INFO] Generated directive: scene=maintain, intensity=0.60
2025-11-15 18:41:49,727 [INFO] Generated directive: scene=maintain, intensity=0.60
2025-11-15 18:41:49,828 [INFO] Generated directive: scene=maintain, intensity=0.60
2025-11-15 18:41:49,928 [INFO] Generated directive: scene=maintain, intensity=0.60
2025-11-15 18:41:50,030 [INFO] Generated directive: scene=maintain, intensity=0.60
2025-11-15 18:41:50,131 [INFO] Generated directive: scene=maintain, intensity=0.60
2025-11-15 18:41:50,231 [INFO] Generated directive: scene=maintain, intensity=0.60
2025-11-15 18:41:50,332 [INFO] Generated directive: scene=maintain, intensity=0.60
2025-11-15 18:41:50,433 [INFO] Generated directive: scene=maintain, intensity=0.60
2025-11-15 18:41:50,534 [INFO] Generated directive: scene=maintain, intensity=0.60
2025-11-15 18:41:50,635 [INFO] Generated directive: scene=maintain, intensity=0.60
2025-11-15 18:41:50,736 [INFO] Generated directive: scene=maintain, intensity=0.60
2025-11-15 18:41:50,837 [INFO] Generated directive: scene=maintain, intensity=0.60
2025-11-15 18:41:50,938 [INFO] Generated directive: scene=maintain, intensity=0.60
2025-11-15 18:41:51,039 [INFO] Generated directive: scene=maintain, intensity=0.60
2025-11-15 18:41:51,139 [INFO] Generated directive: scene=maintain, intensity=0.60
2025-11-15 18:41:51,240 [INFO] Generated directive: scene=maintain, intensity=0.60
2025-11-15 18:41:51,341 [INFO] Generated directive: scene=maintain, intensity=0.60
2025-11-15 18:41:51,442 [INFO] Generated directive: scene=maintain, intensity=0.60
2025-11-15 18:41:51,543 [INFO] Generated directive: scene=maintain, intensity=0.60
2025-11-15 18:41:51,645 [INFO] Generated directive: scene=maintain, intensity=0.60
2025-11-15 18:41:51,746 [INFO] Generated directive: scene=maintain, intensity=0.60
2025-11-15 18:41:51,847 [INFO] Generated directive: scene=maintain, intensity=0.60
2025-11-15 18:41:51,948 [INFO] Generated directive: scene=maintain, intensity=0.60
2025-11-15 18:41:52,049 [INFO] Generated directive: scene=maintain, intensity=0.60
2025-11-15 18:41:52,149 [INFO] Generated directive: scene=maintain, intensity=0.60
2025-11-15 18:41:52,251 [INFO] Generated directive: scene=maintain, intensity=0.60
2025-11-15 18:41:52,351 [INFO] Generated directive: scene=maintain, intensity=0.60
2025-11-15 18:41:52,452 [INFO] Generated directive: scene=maintain, intensity=0.60
2025-11-15 18:41:52,553 [INFO] Generated directive: scene=maintain, intensity=0.60
2025-11-15 18:41:52,655 [INFO] Generated directive: scene=maintain, intensity=0.60
2025-11-15 18:41:52,755 [INFO] Generated directive: scene=maintain, intensity=0.60
2025-11-15 18:41:52,856 [INFO] Generated directive: scene=maintain, intensity=0.60
2025-11-15 18:41:52,957 [INFO] Generated directive: scene=maintain, intensity=0.60
2025-11-15 18:41:53,059 [INFO] Generated directive: scene=maintain, intensity=0.60
2025-11-15 18:41:53,161 [INFO] Generated directive: scene=maintain, intensity=0.60
2025-11-15 18:41:53,262 [INFO] Generated directive: scene=maintain, intensity=0.60
2025-11-15 18:41:53,363 [INFO] Generated directive: scene=maintain, intensity=0.60
2025-11-15 18:41:53,464 [INFO] Generated directive: scene=maintain, intensity=0.60
2025-11-15 18:41:53,565 [INFO] Generated directive: scene=maintain, intensity=0.60
2025-11-15 18:41:53,666 [INFO] Generated directive: scene=maintain, intensity=0.60
2025-11-15 18:41:53,767 [INFO] Generated directive: scene=maintain, intensity=0.60
2025-11-15 18:41:53,867 [INFO] Generated directive: scene=maintain, intensity=0.60
2025-11-15 18:41:53,968 [INFO] Generated directive: scene=maintain, intensity=0.60
2025-11-15 18:41:54,069 [INFO] Generated directive: scene=maintain, intensity=0.60
2025-11-15 18:41:54,170 [INFO] Generated directive: scene=maintain, intensity=0.60
2025-11-15 18:41:54,271 [INFO] Generated directive: scene=maintain, intensity=0.60
2025-11-15 18:41:54,372 [INFO] Generated directive: scene=maintain, intensity=0.60
2025-11-15 18:41:54,473 [INFO] Generated directive: scene=maintain, intensity=0.60
2025-11-15 18:41:54,574 [INFO] Generated directive: scene=maintain, intensity=0.60
2025-11-15 18:41:54,674 [INFO] Generated directive: scene=maintain, intensity=0.60
2025-11-15 18:41:54,775 [INFO] Generated directive: scene=maintain, intensity=0.60
2025-11-15 18:41:54,876 [INFO] Generated directive: scene=maintain, intensity=0.60
2025-11-15 18:41:54,977 [INFO] Generated directive: scene=maintain, intensity=0.60
2025-11-15 18:41:55,077 [INFO] Generated directive: scene=maintain, intensity=0.60
2025-11-15 18:41:55,178 [INFO] Generated directive: scene=maintain, intensity=0.60
2025-11-15 18:41:55,279 [INFO] Generated directive: scene=maintain, intensity=0.60
2025-11-15 18:41:55,380 [INFO] Generated directive: scene=maintain, intensity=0.60
2025-11-15 18:41:55,481 [INFO] Generated directive: scene=maintain, intensity=0.60
2025-11-15 18:41:55,582 [INFO] Generated directive: scene=maintain, intensity=0.60
2025-11-15 18:41:55,683 [INFO] Generated directive: scene=maintain, intensity=0.60
2025-11-15 18:41:55,784 [INFO] Generated directive: scene=maintain, intensity=0.60
2025-11-15 18:41:55,885 [INFO] Generated directive: scene=maintain, intensity=0.60
2025-11-15 18:41:55,985 [INFO] Generated directive: scene=maintain, intensity=0.60
2025-11-15 18:41:56,086 [INFO] Generated directive: scene=maintain, intensity=0.60
2025-11-15 18:41:56,187 [INFO] Generated directive: scene=maintain, intensity=0.60
2025-11-15 18:41:56,288 [INFO] Generated directive: scene=maintain, intensity=0.60
2025-11-15 18:41:56,389 [INFO] Generated directive: scene=maintain, intensity=0.60
2025-11-15 18:41:56,490 [INFO] Generated directive: scene=maintain, intensity=0.60
2025-11-15 18:41:56,591 [INFO] Generated directive: scene=maintain, intensity=0.60
2025-11-15 18:41:56,692 [INFO] Generated directive: scene=maintain, intensity=0.60
2025-11-15 18:41:56,793 [INFO] Generated directive: scene=maintain, intensity=0.60
2025-11-15 18:41:56,893 [INFO] Generated directive: scene=maintain, intensity=0.60
2025-11-15 18:41:56,994 [INFO] Generated directive: scene=maintain, intensity=0.60
2025-11-15 18:41:57,095 [INFO] Generated directive: scene=maintain, intensity=0.60
2025-11-15 18:41:57,196 [INFO] Generated directive: scene=maintain, intensity=0.60
2025-11-15 18:41:57,297 [INFO] Generated directive: scene=maintain, intensity=0.60
2025-11-15 18:41:57,398 [INFO] Generated directive: scene=maintain, intensity=0.60
2025-11-15 18:41:57,499 [INFO] Generated directive: scene=maintain, intensity=0.60
2025-11-15 18:41:57,600 [INFO] Generated directive: scene=maintain, intensity=0.60
2025-11-15 18:41:57,701 [INFO] Generated directive: scene=maintain, intensity=0.60
2025-11-15 18:41:57,802 [INFO] Generated directive: scene=maintain, intensity=0.60
2025-11-15 18:41:57,903 [INFO] Generated directive: scene=maintain, intensity=0.60
2025-11-15 18:41:58,004 [ERROR] Client handler error ('127.0.0.1', 58250): 'str' object has no attribute 'value'
2025-11-15 18:41:58,004 [INFO] Client disconnected ('127.0.0.1', 58250)
2025-11-15 18:45:37,337 [INFO] Client connected from ('127.0.0.1', 64297)
2025-11-15 18:45:37,337 [INFO] Handling client ('127.0.0.1', 64297)
2025-11-15 18:45:37,348 [ERROR] Client handler error ('127.0.0.1', 64297): 'str' object has no attribute 'value'
2025-11-15 18:45:37,348 [INFO] Client disconnected ('127.0.0.1', 64297)
2025-11-15 18:48:10,134 [INFO] Client connected from ('127.0.0.1', 64407)
2025-11-15 18:48:10,135 [INFO] Handling client ('127.0.0.1', 64407)
2025-11-15 18:48:10,138 [ERROR] Client handler error ('127.0.0.1', 64407): 'str' object has no attribute 'value'
2025-11-15 18:48:10,138 [INFO] Client disconnected ('127.0.0.1', 64407)
2025-11-15 18:50:49,662 [INFO] Client connected from ('127.0.0.1', 64540)
2025-11-15 18:50:49,663 [INFO] Handling client ('127.0.0.1', 64540)
2025-11-15 18:50:49,663 [ERROR] Client handler error ('127.0.0.1', 64540): 'str' object has no attribute 'value'
2025-11-15 18:50:49,664 [INFO] Client disconnected ('127.0.0.1', 64540)
2025-11-15 18:51:07,583 [INFO] Starting PROJECT NEON-GLYPH Director Daemon
2025-11-15 18:51:07,583 [INFO] Golden Rule: No placeholders, no mocks, no fake data - only real logic
2025-11-15 18:51:07,587 [INFO] Director Daemon started on localhost:9999
2025-11-15 18:52:07,973 [INFO] Client connected from ('127.0.0.1', 64592)
2025-11-15 18:52:07,973 [INFO] Handling client ('127.0.0.1', 64592)
2025-11-15 18:52:07,974 [ERROR] Client handler error ('127.0.0.1', 64592): 'str' object has no attribute 'value'
2025-11-15 18:52:07,974 [INFO] Client disconnected ('127.0.0.1', 64592)
2025-11-15 18:53:23,304 [INFO] Client connected from ('127.0.0.1', 64644)
2025-11-15 18:53:23,306 [INFO] Handling client ('127.0.0.1', 64644)
2025-11-15 18:53:23,306 [ERROR] Client handler error ('127.0.0.1', 64644): 'str' object has no attribute 'value'
2025-11-15 18:53:23,307 [INFO] Client disconnected ('127.0.0.1', 64644)
2025-11-15 18:53:38,561 [INFO] Client connected from ('127.0.0.1', 64678)
2025-11-15 18:53:38,567 [INFO] Handling client ('127.0.0.1', 64678)
2025-11-15 18:53:38,570 [INFO] Generated directive: scene=maintain, intensity=0.60
2025-11-15 18:53:40,101 [INFO] Generated directive: scene=maintain, intensity=0.60
2025-11-15 18:53:41,605 [INFO] Generated directive: scene=maintain, intensity=0.60
2025-11-15 18:53:43,111 [INFO] Generated directive: scene=maintain, intensity=0.60
2025-11-15 18:53:44,622 [INFO] Generated directive: scene=maintain, intensity=0.60
2025-11-15 18:53:46,138 [INFO] Client disconnected ('127.0.0.1', 64678)
2025-11-15 18:53:48,140 [INFO] Client connected from ('127.0.0.1', 64701)
2025-11-15 18:53:48,141 [INFO] Handling client ('127.0.0.1', 64701)
2025-11-15 18:53:48,141 [INFO] Generated directive: scene=maintain, intensity=0.60
2025-11-15 18:53:48,243 [INFO] Generated directive: scene=maintain, intensity=0.60
2025-11-15 18:53:48,344 [INFO] Generated directive: scene=maintain, intensity=0.60
2025-11-15 18:53:48,445 [INFO] Generated directive: scene=maintain, intensity=0.60
2025-11-15 18:53:48,549 [INFO] Generated directive: scene=maintain, intensity=0.60
2025-11-15 18:53:48,672 [INFO] Generated directive: scene=maintain, intensity=0.60
2025-11-15 18:53:48,774 [INFO] Generated directive: scene=maintain, intensity=0.60
2025-11-15 18:53:48,876 [INFO] Generated directive: scene=maintain, intensity=0.60
2025-11-15 18:53:48,978 [INFO] Generated directive: scene=maintain, intensity=0.60
2025-11-15 18:53:49,086 [INFO] Generated directive: scene=maintain, intensity=0.60
2025-11-15 18:53:49,203 [INFO] Generated directive: scene=maintain, intensity=0.60
2025-11-15 18:53:49,320 [INFO] Generated directive: scene=maintain, intensity=0.60
2025-11-15 18:53:49,429 [INFO] Generated directive: scene=maintain, intensity=0.60
2025-11-15 18:53:49,536 [INFO] Generated directive: scene=maintain, intensity=0.60
2025-11-15 18:53:49,639 [INFO] Generated directive: scene=maintain, intensity=0.60
2025-11-15 18:53:49,763 [INFO] Generated directive: scene=maintain, intensity=0.60
2025-11-15 18:53:49,866 [INFO] Generated directive: scene=maintain, intensity=0.60
2025-11-15 18:53:49,969 [INFO] Generated directive: scene=maintain, intensity=0.60
2025-11-15 18:53:50,071 [INFO] Generated directive: scene=maintain, intensity=0.60
2025-11-15 18:53:50,172 [INFO] Generated directive: scene=maintain, intensity=0.60
2025-11-15 18:53:50,274 [INFO] Generated directive: scene=maintain, intensity=0.60
2025-11-15 18:53:50,376 [INFO] Generated directive: scene=maintain, intensity=0.60
2025-11-15 18:53:50,481 [INFO] Generated directive: scene=maintain, intensity=0.60
2025-11-15 18:53:50,587 [INFO] Generated directive: scene=maintain, intensity=0.60
2025-11-15 18:53:50,689 [INFO] Generated directive: scene=maintain, intensity=0.60
2025-11-15 18:53:50,791 [INFO] Generated directive: scene=maintain, intensity=0.60
2025-11-15 18:53:50,893 [INFO] Generated directive: scene=maintain, intensity=0.60
2025-11-15 18:53:50,995 [INFO] Generated directive: scene=maintain, intensity=0.60
2025-11-15 18:53:51,098 [INFO] Generated directive: scene=maintain, intensity=0.60
2025-11-15 18:53:51,201 [INFO] Generated directive: scene=maintain, intensity=0.60
2025-11-15 18:53:51,310 [INFO] Generated directive: scene=maintain, intensity=0.60
2025-11-15 18:53:51,413 [INFO] Generated directive: scene=maintain, intensity=0.60
2025-11-15 18:53:51,516 [INFO] Generated directive: scene=maintain, intensity=0.60
2025-11-15 18:53:51,619 [INFO] Generated directive: scene=maintain, intensity=0.60
2025-11-15 18:53:51,721 [INFO] Generated directive: scene=maintain, intensity=0.60
2025-11-15 18:53:51,822 [INFO] Generated directive: scene=maintain, intensity=0.60
2025-11-15 18:53:51,924 [INFO] Generated directive: scene=maintain, intensity=0.60
2025-11-15 18:53:52,031 [INFO] Generated directive: scene=maintain, intensity=0.60
2025-11-15 18:53:52,145 [INFO] Generated directive: scene=maintain, intensity=0.60
2025-11-15 18:53:52,246 [INFO] Generated directive: scene=maintain, intensity=0.60
2025-11-15 18:53:52,348 [INFO] Generated directive: scene=maintain, intensity=0.60
2025-11-15 18:53:52,450 [INFO] Generated directive: scene=maintain, intensity=0.60
2025-11-15 18:53:52,552 [INFO] Generated directive: scene=maintain, intensity=0.60
2025-11-15 18:53:52,657 [INFO] Generated directive: scene=maintain, intensity=0.60
2025-11-15 18:53:52,758 [INFO] Generated directive: scene=maintain, intensity=0.60
2025-11-15 18:53:52,860 [INFO] Generated directive: scene=maintain, intensity=0.60
2025-11-15 18:53:52,962 [INFO] Generated directive: scene=maintain, intensity=0.60
2025-11-15 18:53:53,073 [INFO] Generated directive: scene=maintain, intensity=0.60
2025-11-15 18:53:53,175 [INFO] Generated directive: scene=maintain, intensity=0.60
2025-11-15 18:53:53,276 [INFO] Generated directive: scene=maintain, intensity=0.60
2025-11-15 18:53:53,377 [ERROR] Client handler error ('127.0.0.1', 64701): 'str' object has no attribute 'value'
2025-11-15 18:53:53,380 [INFO] Client disconnected ('127.0.0.1', 64701)
2025-11-15 18:55:26,563 [INFO] Client connected from ('127.0.0.1', 64820)
2025-11-15 18:55:26,563 [INFO] Handling client ('127.0.0.1', 64820)
2025-11-15 18:55:26,563 [ERROR] Client handler error ('127.0.0.1', 64820): 'str' object has no attribute 'value'
2025-11-15 18:55:26,563 [INFO] Client disconnected ('127.0.0.1', 64820)
2025-11-15 18:55:55,389 [INFO] Received signal 2, shutting down...
2025-11-15 18:55:55,389 [INFO] Stopping Director Daemon...
2025-11-15 18:55:55,389 [INFO] Director Daemon stopped
2025-11-15 18:55:55,390 [INFO] Stopping Director Daemon...
2025-11-15 18:55:55,390 [INFO] Director Daemon stopped
2025-11-15 18:55:56,548 [INFO] Starting PROJECT NEON-GLYPH Director Daemon
2025-11-15 18:55:56,548 [INFO] Golden Rule: No placeholders, no mocks, no fake data - only real logic
2025-11-15 18:55:56,552 [INFO] Director Daemon started on localhost:9999
2025-11-15 18:56:49,996 [INFO] Client connected from ('127.0.0.1', 64894)
2025-11-15 18:56:49,996 [INFO] Handling client ('127.0.0.1', 64894)
2025-11-15 18:56:49,996 [INFO] Generated directive: scene=maintain, intensity=0.60
2025-11-15 18:56:50,097 [INFO] Generated directive: scene=maintain, intensity=0.60
2025-11-15 18:56:50,198 [INFO] Generated directive: scene=maintain, intensity=0.60
2025-11-15 18:56:50,299 [INFO] Generated directive: scene=maintain, intensity=0.60
2025-11-15 18:56:50,400 [INFO] Generated directive: scene=maintain, intensity=0.60
2025-11-15 18:56:50,502 [INFO] Generated directive: scene=maintain, intensity=0.60
2025-11-15 18:56:50,603 [INFO] Generated directive: scene=maintain, intensity=0.60
2025-11-15 18:56:50,704 [INFO] Generated directive: scene=maintain, intensity=0.60
2025-11-15 18:56:50,804 [INFO] Generated directive: scene=maintain, intensity=0.60
2025-11-15 18:56:50,905 [INFO] Generated directive: scene=maintain, intensity=0.60
2025-11-15 18:56:51,007 [INFO] Generated directive: scene=maintain, intensity=0.60
2025-11-15 18:56:51,108 [INFO] Generated directive: scene=maintain, intensity=0.60
2025-11-15 18:56:51,209 [INFO] Generated directive: scene=maintain, intensity=0.60
2025-11-15 18:56:51,311 [INFO] Generated directive: scene=maintain, intensity=0.60
2025-11-15 18:56:51,412 [INFO] Generated directive: scene=maintain, intensity=0.60
2025-11-15 18:56:51,513 [INFO] Generated directive: scene=maintain, intensity=0.60
2025-11-15 18:56:51,615 [INFO] Generated directive: scene=maintain, intensity=0.60
2025-11-15 18:56:51,716 [INFO] Generated directive: scene=maintain, intensity=0.60
2025-11-15 18:56:51,817 [INFO] Generated directive: scene=maintain, intensity=0.60
2025-11-15 18:56:51,918 [INFO] Generated directive: scene=maintain, intensity=0.60
2025-11-15 18:56:52,020 [INFO] Generated directive: scene=maintain, intensity=0.60
2025-11-15 18:56:52,122 [INFO] Generated directive: scene=maintain, intensity=0.60
2025-11-15 18:56:52,223 [INFO] Generated directive: scene=maintain, intensity=0.60
2025-11-15 18:56:52,324 [INFO] Generated directive: scene=maintain, intensity=0.60
2025-11-15 18:56:52,425 [INFO] Generated directive: scene=maintain, intensity=0.60
2025-11-15 18:56:52,527 [INFO] Generated directive: scene=maintain, intensity=0.60
2025-11-15 18:56:52,628 [INFO] Generated directive: scene=maintain, intensity=0.60
2025-11-15 18:56:52,729 [INFO] Generated directive: scene=maintain, intensity=0.60
2025-11-15 18:56:52,830 [INFO] Generated directive: scene=maintain, intensity=0.60
2025-11-15 18:56:52,931 [INFO] Generated directive: scene=maintain, intensity=0.60
2025-11-15 18:56:53,033 [INFO] Generated directive: scene=maintain, intensity=0.60
2025-11-15 18:56:53,135 [INFO] Generated directive: scene=maintain, intensity=0.60
2025-11-15 18:56:53,237 [INFO] Generated directive: scene=maintain, intensity=0.60
2025-11-15 18:56:53,338 [INFO] Generated directive: scene=maintain, intensity=0.60
2025-11-15 18:56:53,439 [INFO] Generated directive: scene=maintain, intensity=0.60
2025-11-15 18:56:53,540 [INFO] Generated directive: scene=maintain, intensity=0.60
2025-11-15 18:56:53,641 [INFO] Generated directive: scene=maintain, intensity=0.60
2025-11-15 18:56:53,743 [INFO] Generated directive: scene=maintain, intensity=0.60
2025-11-15 18:56:53,844 [INFO] Generated directive: scene=maintain, intensity=0.60
2025-11-15 18:56:53,945 [INFO] Generated directive: scene=maintain, intensity=0.60
2025-11-15 18:56:54,046 [INFO] Generated directive: scene=maintain, intensity=0.60
2025-11-15 18:56:54,147 [INFO] Generated directive: scene=maintain, intensity=0.60
2025-11-15 18:56:54,249 [INFO] Generated directive: scene=maintain, intensity=0.60
2025-11-15 18:56:54,350 [INFO] Generated directive: scene=maintain, intensity=0.60
2025-11-15 18:56:54,452 [INFO] Generated directive: scene=maintain, intensity=0.60
2025-11-15 18:56:54,553 [INFO] Generated directive: scene=maintain, intensity=0.60
2025-11-15 18:56:54,654 [INFO] Generated directive: scene=maintain, intensity=0.60
2025-11-15 18:56:54,756 [INFO] Generated directive: scene=maintain, intensity=0.60
2025-11-15 18:56:54,857 [INFO] Generated directive: scene=maintain, intensity=0.60
2025-11-15 18:56:54,958 [INFO] Generated directive: scene=maintain, intensity=0.60
2025-11-15 18:56:55,060 [INFO] Generated directive: scene=maintain, intensity=0.60
2025-11-15 18:56:55,161 [INFO] Generated directive: scene=maintain, intensity=0.60
2025-11-15 18:56:55,262 [INFO] Generated directive: scene=maintain, intensity=0.60
2025-11-15 18:56:55,363 [INFO] Generated directive: scene=maintain, intensity=0.60
2025-11-15 18:56:55,464 [INFO] Generated directive: scene=maintain, intensity=0.60
2025-11-15 18:56:55,566 [INFO] Generated directive: scene=maintain, intensity=0.60
2025-11-15 18:56:55,667 [INFO] Generated directive: scene=maintain, intensity=0.60
2025-11-15 18:56:55,768 [INFO] Generated directive: scene=maintain, intensity=0.60
2025-11-15 18:56:55,869 [INFO] Generated directive: scene=maintain, intensity=0.60
2025-11-15 18:56:55,970 [INFO] Generated directive: scene=maintain, intensity=0.60
2025-11-15 18:56:56,071 [INFO] Generated directive: scene=maintain, intensity=0.60
2025-11-15 18:56:56,172 [INFO] Generated directive: scene=maintain, intensity=0.60
2025-11-15 18:56:56,273 [INFO] Generated directive: scene=maintain, intensity=0.60
2025-11-15 18:56:56,374 [INFO] Generated directive: scene=maintain, intensity=0.60
2025-11-15 18:56:56,475 [INFO] Generated directive: scene=maintain, intensity=0.60
2025-11-15 18:56:56,577 [INFO] Generated directive: scene=maintain, intensity=0.60
2025-11-15 18:56:56,678 [INFO] Generated directive: scene=maintain, intensity=0.60
2025-11-15 18:56:56,779 [INFO] Generated directive: scene=maintain, intensity=0.60
2025-11-15 18:56:56,881 [INFO] Generated directive: scene=maintain, intensity=0.60
2025-11-15 18:56:56,983 [INFO] Generated directive: scene=maintain, intensity=0.60
2025-11-15 18:56:57,084 [INFO] Generated directive: scene=maintain, intensity=0.60
2025-11-15 18:56:57,185 [INFO] Generated directive: scene=maintain, intensity=0.60
2025-11-15 18:56:57,286 [INFO] Generated directive: scene=maintain, intensity=0.60
2025-11-15 18:56:57,388 [INFO] Generated directive: scene=maintain, intensity=0.60
2025-11-15 18:56:57,490 [INFO] Generated directive: scene=maintain, intensity=0.60
2025-11-15 18:56:57,592 [INFO] Generated directive: scene=maintain, intensity=0.60
2025-11-15 18:56:57,694 [INFO] Generated directive: scene=maintain, intensity=0.60
2025-11-15 18:56:57,796 [INFO] Generated directive: scene=maintain, intensity=0.60
2025-11-15 18:56:57,898 [INFO] Generated directive: scene=maintain, intensity=0.60
2025-11-15 18:56:57,999 [INFO] Generated directive: scene=maintain, intensity=0.60
2025-11-15 18:56:58,101 [INFO] Generated directive: scene=maintain, intensity=0.60
2025-11-15 18:56:58,202 [INFO] Generated directive: scene=maintain, intensity=0.60
2025-11-15 18:56:58,304 [INFO] Generated directive: scene=maintain, intensity=0.60
2025-11-15 18:56:58,405 [INFO] Generated directive: scene=maintain, intensity=0.60
2025-11-15 18:56:58,507 [INFO] Generated directive: scene=maintain, intensity=0.60
2025-11-15 18:56:58,609 [INFO] Generated directive: scene=maintain, intensity=0.60
2025-11-15 18:56:58,711 [INFO] Generated directive: scene=maintain, intensity=0.60
2025-11-15 18:56:58,812 [INFO] Generated directive: scene=maintain, intensity=0.60
2025-11-15 18:56:58,914 [INFO] Generated directive: scene=maintain, intensity=0.60
2025-11-15 18:56:59,015 [INFO] Generated directive: scene=maintain, intensity=0.60
2025-11-15 18:56:59,117 [INFO] Generated directive: scene=maintain, intensity=0.60
2025-11-15 18:56:59,219 [INFO] Generated directive: scene=maintain, intensity=0.60
2025-11-15 18:56:59,320 [INFO] Generated directive: scene=maintain, intensity=0.60
2025-11-15 18:56:59,422 [INFO] Generated directive: scene=maintain, intensity=0.60
2025-11-15 18:56:59,523 [INFO] Generated directive: scene=maintain, intensity=0.60
2025-11-15 18:56:59,626 [INFO] Generated directive: scene=maintain, intensity=0.60
2025-11-15 18:56:59,727 [INFO] Generated directive: scene=maintain, intensity=0.60
2025-11-15 18:56:59,829 [INFO] Generated directive: scene=maintain, intensity=0.60
2025-11-15 18:56:59,931 [INFO] Generated directive: scene=maintain, intensity=0.60
2025-11-15 18:57:00,032 [INFO] Generated directive: scene=maintain, intensity=0.60
2025-11-15 18:57:00,134 [INFO] Generated directive: scene=maintain, intensity=0.60
2025-11-15 18:57:00,236 [INFO] Generated directive: scene=maintain, intensity=0.60
2025-11-15 18:57:00,337 [INFO] Generated directive: scene=maintain, intensity=0.60
2025-11-15 18:57:00,438 [INFO] Generated directive: scene=maintain, intensity=0.60
2025-11-15 18:57:00,539 [INFO] Generated directive: scene=maintain, intensity=0.60
2025-11-15 18:57:00,640 [INFO] Generated directive: scene=maintain, intensity=0.60
2025-11-15 18:57:00,741 [INFO] Generated directive: scene=maintain, intensity=0.60
2025-11-15 18:57:00,842 [INFO] Generated directive: scene=maintain, intensity=0.60
2025-11-15 18:57:00,944 [INFO] Generated directive: scene=maintain, intensity=0.60
2025-11-15 18:57:01,045 [INFO] Generated directive: scene=maintain, intensity=0.60
2025-11-15 18:57:01,147 [INFO] Generated directive: scene=maintain, intensity=0.60
2025-11-15 18:57:01,250 [INFO] Generated directive: scene=maintain, intensity=0.60
2025-11-15 18:57:01,352 [INFO] Generated directive: scene=maintain, intensity=0.60
2025-11-15 18:57:01,453 [INFO] Generated directive: scene=maintain, intensity=0.60
2025-11-15 18:57:01,555 [INFO] Generated directive: scene=maintain, intensity=0.60
2025-11-15 18:57:01,656 [INFO] Generated directive: scene=maintain, intensity=0.60
2025-11-15 18:57:01,757 [INFO] Generated directive: scene=maintain, intensity=0.60
2025-11-15 18:57:01,858 [INFO] Generated directive: scene=maintain, intensity=0.60
2025-11-15 18:57:01,960 [INFO] Generated directive: scene=maintain, intensity=0.60
2025-11-15 18:57:02,061 [INFO] Generated directive: scene=maintain, intensity=0.60
2025-11-15 18:57:02,162 [INFO] Generated directive: scene=maintain, intensity=0.60
2025-11-15 18:57:02,265 [INFO] Generated directive: scene=maintain, intensity=0.60
2025-11-15 18:57:02,366 [INFO] Generated directive: scene=maintain, intensity=0.60
2025-11-15 18:57:02,468 [INFO] Generated directive: scene=maintain, intensity=0.60
2025-11-15 18:57:02,569 [INFO] Generated directive: scene=maintain, intensity=0.60
2025-11-15 18:57:02,671 [INFO] Generated directive: scene=maintain, intensity=0.60
2025-11-15 18:57:02,773 [INFO] Generated directive: scene=maintain, intensity=0.60
2025-11-15 18:57:02,874 [INFO] Generated directive: scene=maintain, intensity=0.60
2025-11-15 18:57:02,976 [INFO] Generated directive: scene=maintain, intensity=0.60
2025-11-15 18:57:03,077 [INFO] Generated directive: scene=maintain, intensity=0.60
2025-11-15 18:57:03,179 [INFO] Generated directive: scene=maintain, intensity=0.60
2025-11-15 18:57:03,281 [INFO] Generated directive: scene=maintain, intensity=0.60
2025-11-15 18:57:03,382 [INFO] Generated directive: scene=maintain, intensity=0.60
2025-11-15 18:57:03,483 [INFO] Generated directive: scene=maintain, intensity=0.60
2025-11-15 18:57:03,585 [INFO] Generated directive: scene=maintain, intensity=0.60
2025-11-15 18:57:03,686 [INFO] Generated directive: scene=maintain, intensity=0.60
2025-11-15 18:57:03,787 [INFO] Generated directive: scene=maintain, intensity=0.60
2025-11-15 18:57:03,889 [INFO] Generated directive: scene=maintain, intensity=0.60
2025-11-15 18:57:03,990 [INFO] Generated directive: scene=maintain, intensity=0.60
2025-11-15 18:57:04,091 [INFO] Generated directive: scene=maintain, intensity=0.60
2025-11-15 18:57:04,193 [INFO] Generated directive: scene=maintain, intensity=0.60
2025-11-15 18:57:04,294 [INFO] Generated directive: scene=maintain, intensity=0.60
2025-11-15 18:57:04,396 [INFO] Generated directive: scene=maintain, intensity=0.60
2025-11-15 18:57:04,497 [INFO] Generated directive: scene=maintain, intensity=0.60
2025-11-15 18:57:04,599 [INFO] Generated directive: scene=maintain, intensity=0.60
2025-11-15 18:57:04,701 [INFO] Generated directive: scene=maintain, intensity=0.60
2025-11-15 18:57:04,802 [INFO] Generated directive: scene=maintain, intensity=0.60
2025-11-15 18:57:04,904 [INFO] Generated directive: scene=maintain, intensity=0.60
2025-11-15 18:57:05,005 [INFO] Generated directive: scene=maintain, intensity=0.60
2025-11-15 18:57:05,106 [INFO] Generated directive: scene=maintain, intensity=0.60
2025-11-15 18:57:05,208 [INFO] Generated directive: scene=maintain, intensity=0.60
2025-11-15 18:57:05,310 [INFO] Generated directive: scene=maintain, intensity=0.60
2025-11-15 18:57:05,412 [INFO] Generated directive: scene=maintain, intensity=0.60
2025-11-15 18:57:05,513 [INFO] Generated directive: scene=maintain, intensity=0.60
2025-11-15 18:57:05,614 [INFO] Generated directive: scene=maintain, intensity=0.60
2025-11-15 18:57:05,715 [INFO] Generated directive: scene=maintain, intensity=0.60
2025-11-15 18:57:05,817 [INFO] Generated directive: scene=maintain, intensity=0.60
2025-11-15 18:57:05,918 [INFO] Generated directive: scene=maintain, intensity=0.60
2025-11-15 18:57:06,019 [INFO] Generated directive: scene=maintain, intensity=0.60
2025-11-15 18:57:06,120 [INFO] Generated directive: scene=maintain, intensity=0.60
2025-11-15 18:57:06,222 [INFO] Generated directive: scene=maintain, intensity=0.60
2025-11-15 18:57:06,323 [INFO] Generated directive: scene=maintain, intensity=0.60
2025-11-15 18:57:06,424 [INFO] Generated directive: scene=maintain, intensity=0.60
2025-11-15 18:57:06,525 [INFO] Generated directive: scene=maintain, intensity=0.60
2025-11-15 18:57:06,626 [INFO] Generated directive: scene=maintain, intensity=0.60
2025-11-15 18:57:06,727 [INFO] Generated directive: scene=maintain, intensity=0.60
2025-11-15 18:57:06,829 [INFO] Generated directive: scene=maintain, intensity=0.60
2025-11-15 18:57:06,930 [INFO] Generated directive: scene=maintain, intensity=0.60
2025-11-15 18:57:07,032 [INFO] Generated directive: scene=maintain, intensity=0.60
2025-11-15 18:57:07,133 [INFO] Generated directive: scene=maintain, intensity=0.60
2025-11-15 18:57:07,234 [INFO] Generated directive: scene=maintain, intensity=0.60
2025-11-15 18:57:07,335 [INFO] Generated directive: scene=maintain, intensity=0.60
2025-11-15 18:57:07,436 [INFO] Generated directive: scene=maintain, intensity=0.60
2025-11-15 18:57:07,537 [INFO] Generated directive: scene=maintain, intensity=0.60
2025-11-15 18:57:07,638 [INFO] Generated directive: scene=maintain, intensity=0.60
2025-11-15 18:57:07,740 [INFO] Generated directive: scene=maintain, intensity=0.60
2025-11-15 18:57:07,842 [INFO] Generated directive: scene=maintain, intensity=0.60
2025-11-15 18:57:07,943 [INFO] Generated directive: scene=maintain, intensity=0.60
2025-11-15 18:57:08,044 [INFO] Generated directive: scene=maintain, intensity=0.60
2025-11-15 18:57:08,146 [INFO] Generated directive: scene=maintain, intensity=0.60
2025-11-15 18:57:08,247 [INFO] Generated directive: scene=maintain, intensity=0.60
2025-11-15 18:57:08,349 [INFO] Generated directive: scene=maintain, intensity=0.60
2025-11-15 18:57:08,450 [INFO] Generated directive: scene=maintain, intensity=0.60
2025-11-15 18:57:08,551 [INFO] Generated directive: scene=maintain, intensity=0.60
2025-11-15 18:57:08,653 [INFO] Generated directive: scene=maintain, intensity=0.60
2025-11-15 18:57:08,754 [INFO] Generated directive: scene=maintain, intensity=0.60
2025-11-15 18:57:08,855 [INFO] Generated directive: scene=maintain, intensity=0.60
2025-11-15 18:57:08,956 [INFO] Generated directive: scene=maintain, intensity=0.60
2025-11-15 18:57:09,058 [INFO] Generated directive: scene=maintain, intensity=0.60
2025-11-15 18:57:09,159 [INFO] Generated directive: scene=maintain, intensity=0.60
2025-11-15 18:57:09,260 [INFO] Generated directive: scene=maintain, intensity=0.60
2025-11-15 18:57:09,361 [INFO] Generated directive: scene=maintain, intensity=0.60
2025-11-15 18:57:09,462 [INFO] Generated directive: scene=maintain, intensity=0.60
2025-11-15 18:57:09,564 [INFO] Generated directive: scene=maintain, intensity=0.60
2025-11-15 18:57:09,665 [INFO] Generated directive: scene=maintain, intensity=0.60
2025-11-15 18:57:09,766 [INFO] Generated directive: scene=maintain, intensity=0.60
2025-11-15 18:57:09,868 [INFO] Generated directive: scene=maintain, intensity=0.60
2025-11-15 18:57:09,970 [INFO] Generated directive: scene=maintain, intensity=0.60
2025-11-15 18:57:10,071 [INFO] Generated directive: scene=maintain, intensity=0.60
2025-11-15 18:57:10,173 [INFO] Generated directive: scene=maintain, intensity=0.60
2025-11-15 18:57:10,275 [INFO] Generated directive: scene=maintain, intensity=0.60
2025-11-15 18:57:10,376 [INFO] Generated directive: scene=maintain, intensity=0.60
2025-11-15 18:57:10,477 [INFO] Generated directive: scene=maintain, intensity=0.60
2025-11-15 18:57:10,579 [INFO] Generated directive: scene=maintain, intensity=0.60
2025-11-15 18:57:10,681 [INFO] Generated directive: scene=maintain, intensity=0.60
2025-11-15 18:57:10,782 [INFO] Generated directive: scene=maintain, intensity=0.60
2025-11-15 18:57:10,882 [INFO] Generated directive: scene=maintain, intensity=0.60
2025-11-15 18:57:10,984 [INFO] Generated directive: scene=maintain, intensity=0.60
2025-11-15 18:57:11,085 [INFO] Generated directive: scene=maintain, intensity=0.60
2025-11-15 18:57:11,186 [INFO] Generated directive: scene=maintain, intensity=0.60
2025-11-15 18:57:11,287 [INFO] Generated directive: scene=maintain, intensity=0.60
2025-11-15 18:57:11,390 [INFO] Generated directive: scene=maintain, intensity=0.60
2025-11-15 18:57:11,492 [INFO] Generated directive: scene=maintain, intensity=0.60
2025-11-15 18:57:11,593 [INFO] Generated directive: scene=maintain, intensity=0.60
2025-11-15 18:57:11,694 [INFO] Generated directive: scene=maintain, intensity=0.60
2025-11-15 18:57:11,796 [INFO] Generated directive: scene=maintain, intensity=0.60
2025-11-15 18:57:11,897 [INFO] Generated directive: scene=maintain, intensity=0.60
2025-11-15 18:57:11,999 [INFO] Generated directive: scene=maintain, intensity=0.60
2025-11-15 18:57:12,100 [INFO] Generated directive: scene=maintain, intensity=0.60
2025-11-15 18:57:12,201 [INFO] Generated directive: scene=maintain, intensity=0.60
2025-11-15 18:57:12,302 [INFO] Generated directive: scene=maintain, intensity=0.60
2025-11-15 18:57:12,403 [INFO] Generated directive: scene=maintain, intensity=0.60
2025-11-15 18:57:12,505 [INFO] Generated directive: scene=maintain, intensity=0.60
2025-11-15 18:57:12,606 [INFO] Generated directive: scene=maintain, intensity=0.60
2025-11-15 18:57:12,708 [INFO] Generated directive: scene=maintain, intensity=0.60
2025-11-15 18:57:12,809 [INFO] Generated directive: scene=maintain, intensity=0.60
2025-11-15 18:57:12,911 [INFO] Generated directive: scene=maintain, intensity=0.60
2025-11-15 18:57:13,012 [INFO] Generated directive: scene=maintain, intensity=0.60
2025-11-15 18:57:13,114 [INFO] Generated directive: scene=maintain, intensity=0.60
2025-11-15 18:57:13,215 [INFO] Generated directive: scene=maintain, intensity=0.60
2025-11-15 18:57:13,317 [INFO] Generated directive: scene=maintain, intensity=0.60
2025-11-15 18:57:13,418 [INFO] Generated directive: scene=maintain, intensity=0.60
2025-11-15 18:57:13,519 [INFO] Generated directive: scene=maintain, intensity=0.60
2025-11-15 18:57:13,621 [INFO] Generated directive: scene=maintain, intensity=0.60
2025-11-15 18:57:13,722 [INFO] Generated directive: scene=maintain, intensity=0.60
2025-11-15 18:57:13,824 [INFO] Generated directive: scene=maintain, intensity=0.60
2025-11-15 18:57:13,925 [INFO] Generated directive: scene=maintain, intensity=0.60
2025-11-15 18:57:14,026 [INFO] Generated directive: scene=maintain, intensity=0.60
2025-11-15 18:57:14,127 [INFO] Generated directive: scene=maintain, intensity=0.60
2025-11-15 18:57:14,229 [INFO] Generated directive: scene=maintain, intensity=0.60
2025-11-15 18:57:14,330 [INFO] Generated directive: scene=maintain, intensity=0.60
2025-11-15 18:57:14,432 [INFO] Generated directive: scene=maintain, intensity=0.60
2025-11-15 18:57:14,533 [INFO] Generated directive: scene=maintain, intensity=0.60
2025-11-15 18:57:14,635 [INFO] Generated directive: scene=maintain, intensity=0.60
2025-11-15 18:57:14,736 [INFO] Generated directive: scene=maintain, intensity=0.60
2025-11-15 18:57:14,837 [INFO] Generated directive: scene=maintain, intensity=0.60
2025-11-15 18:57:14,939 [INFO] Generated directive: scene=maintain, intensity=0.60
2025-11-15 18:57:15,040 [INFO] Generated directive: scene=maintain, intensity=0.60
2025-11-15 18:57:15,141 [INFO] Generated directive: scene=maintain, intensity=0.60
2025-11-15 18:57:15,242 [INFO] Generated directive: scene=maintain, intensity=0.60
2025-11-15 18:57:15,344 [INFO] Generated directive: scene=maintain, intensity=0.60
2025-11-15 18:57:15,445 [INFO] Generated directive: scene=maintain, intensity=0.60
2025-11-15 18:57:15,546 [INFO] Generated directive: scene=maintain, intensity=0.60
2025-11-15 18:57:15,647 [INFO] Generated directive: scene=maintain, intensity=0.60
2025-11-15 18:57:15,749 [INFO] Generated directive: scene=maintain, intensity=0.60
2025-11-15 18:57:15,849 [INFO] Generated directive: scene=maintain, intensity=0.60
2025-11-15 18:57:15,950 [INFO] Generated directive: scene=maintain, intensity=0.60
2025-11-15 18:57:16,052 [INFO] Generated directive: scene=maintain, intensity=0.60
2025-11-15 18:57:16,153 [INFO] Generated directive: scene=maintain, intensity=0.60
2025-11-15 18:57:16,254 [INFO] Generated directive: scene=maintain, intensity=0.60
2025-11-15 18:57:16,356 [INFO] Generated directive: scene=maintain, intensity=0.60
2025-11-15 18:57:16,457 [INFO] Generated directive: scene=maintain, intensity=0.60
2025-11-15 18:57:16,558 [INFO] Generated directive: scene=maintain, intensity=0.60
2025-11-15 18:57:16,660 [INFO] Generated directive: scene=maintain, intensity=0.60
2025-11-15 18:57:16,761 [INFO] Generated directive: scene=maintain, intensity=0.60
2025-11-15 18:57:16,862 [INFO] Generated directive: scene=maintain, intensity=0.60
2025-11-15 18:57:16,963 [INFO] Generated directive: scene=maintain, intensity=0.60
2025-11-15 18:57:17,065 [INFO] Generated directive: scene=maintain, intensity=0.60
2025-11-15 18:57:17,167 [INFO] Generated directive: scene=maintain, intensity=0.60
2025-11-15 18:57:17,268 [INFO] Generated directive: scene=maintain, intensity=0.60
2025-11-15 18:57:17,369 [INFO] Generated directive: scene=maintain, intensity=0.60
2025-11-15 18:57:17,471 [INFO] Generated directive: scene=maintain, intensity=0.60
2025-11-15 18:57:17,573 [INFO] Generated directive: scene=maintain, intensity=0.60
2025-11-15 18:57:17,674 [INFO] Generated directive: scene=maintain, intensity=0.60
2025-11-15 18:57:17,775 [INFO] Generated directive: scene=maintain, intensity=0.60
2025-11-15 18:57:17,877 [INFO] Generated directive: scene=maintain, intensity=0.60
2025-11-15 18:57:17,978 [INFO] Generated directive: scene=maintain, intensity=0.60
2025-11-15 18:57:18,079 [INFO] Generated directive: scene=maintain, intensity=0.60
2025-11-15 18:57:18,180 [INFO] Generated directive: scene=maintain, intensity=0.60
2025-11-15 18:57:18,282 [INFO] Generated directive: scene=maintain, intensity=0.60
2025-11-15 18:57:18,383 [INFO] Generated directive: scene=maintain, intensity=0.60
2025-11-15 18:57:18,484 [INFO] Generated directive: scene=maintain, intensity=0.60
2025-11-15 18:57:18,585 [INFO] Generated directive: scene=maintain, intensity=0.60
2025-11-15 18:57:18,687 [INFO] Generated directive: scene=maintain, intensity=0.60
2025-11-15 18:57:18,788 [INFO] Generated directive: scene=maintain, intensity=0.60
2025-11-15 18:57:18,889 [INFO] Generated directive: scene=maintain, intensity=0.60
2025-11-15 18:57:18,990 [INFO] Generated directive: scene=maintain, intensity=0.60
2025-11-15 18:57:19,091 [INFO] Generated directive: scene=maintain, intensity=0.60
2025-11-15 18:57:19,192 [INFO] Generated directive: scene=maintain, intensity=0.60
2025-11-15 18:57:19,294 [INFO] Generated directive: scene=maintain, intensity=0.60
2025-11-15 18:57:19,395 [INFO] Generated directive: scene=maintain, intensity=0.60
2025-11-15 18:57:19,496 [INFO] Generated directive: scene=maintain, intensity=0.60
2025-11-15 18:57:19,598 [INFO] Generated directive: scene=maintain, intensity=0.60
2025-11-15 18:57:19,699 [INFO] Generated directive: scene=maintain, intensity=0.60
2025-11-15 18:57:19,800 [INFO] Generated directive: scene=maintain, intensity=0.60
2025-11-15 18:57:19,901 [INFO] Generated directive: scene=maintain, intensity=0.60
2025-11-15 18:57:20,002 [INFO] Generated directive: scene=maintain, intensity=0.60
2025-11-15 18:57:20,103 [INFO] Generated directive: scene=maintain, intensity=0.60
2025-11-15 18:57:20,205 [INFO] Generated directive: scene=maintain, intensity=0.60
2025-11-15 18:57:20,306 [INFO] Generated directive: scene=maintain, intensity=0.60
2025-11-15 18:57:20,407 [INFO] Generated directive: scene=maintain, intensity=0.60
2025-11-15 18:57:20,508 [INFO] Generated directive: scene=maintain, intensity=0.60
2025-11-15 18:57:20,608 [INFO] Generated directive: scene=maintain, intensity=0.60
2025-11-15 18:57:20,709 [INFO] Generated directive: scene=maintain, intensity=0.60
2025-11-15 18:57:20,811 [INFO] Generated directive: scene=maintain, intensity=0.60
2025-11-15 18:57:20,911 [INFO] Generated directive: scene=maintain, intensity=0.60
2025-11-15 18:57:21,013 [INFO] Generated directive: scene=maintain, intensity=0.60
2025-11-15 18:57:21,114 [INFO] Generated directive: scene=maintain, intensity=0.60
2025-11-15 18:57:21,215 [INFO] Generated directive: scene=maintain, intensity=0.60
2025-11-15 18:57:21,316 [INFO] Generated directive: scene=maintain, intensity=0.60
2025-11-15 18:57:21,418 [INFO] Generated directive: scene=maintain, intensity=0.60
2025-11-15 18:57:21,519 [INFO] Generated directive: scene=maintain, intensity=0.60
2025-11-15 18:57:21,620 [INFO] Generated directive: scene=maintain, intensity=0.60
2025-11-15 18:57:21,721 [INFO] Generated directive: scene=maintain, intensity=0.60
2025-11-15 18:57:21,822 [INFO] Generated directive: scene=maintain, intensity=0.60
2025-11-15 18:57:21,924 [INFO] Generated directive: scene=maintain, intensity=0.60
2025-11-15 18:57:22,025 [INFO] Generated directive: scene=maintain, intensity=0.60
2025-11-15 18:57:22,126 [INFO] Generated directive: scene=maintain, intensity=0.60
2025-11-15 18:57:22,227 [INFO] Generated directive: scene=maintain, intensity=0.60
2025-11-15 18:57:22,328 [INFO] Generated directive: scene=maintain, intensity=0.60
2025-11-15 18:57:22,429 [INFO] Generated directive: scene=maintain, intensity=0.60
2025-11-15 18:57:22,531 [INFO] Generated directive: scene=maintain, intensity=0.60
2025-11-15 18:57:22,632 [INFO] Generated directive: scene=maintain, intensity=0.60
2025-11-15 18:57:22,734 [INFO] Generated directive: scene=maintain, intensity=0.60
2025-11-15 18:57:22,835 [INFO] Generated directive: scene=maintain, intensity=0.60
2025-11-15 18:57:22,937 [INFO] Generated directive: scene=maintain, intensity=0.60
2025-11-15 18:57:23,038 [INFO] Generated directive: scene=maintain, intensity=0.60
2025-11-15 18:57:23,140 [INFO] Generated directive: scene=maintain, intensity=0.60
2025-11-15 18:57:23,241 [INFO] Generated directive: scene=maintain, intensity=0.60
2025-11-15 18:57:23,342 [INFO] Generated directive: scene=maintain, intensity=0.60
2025-11-15 18:57:23,443 [INFO] Generated directive: scene=maintain, intensity=0.60
2025-11-15 18:57:23,545 [INFO] Generated directive: scene=maintain, intensity=0.60
2025-11-15 18:57:23,647 [INFO] Generated directive: scene=maintain, intensity=0.60
2025-11-15 18:57:23,748 [INFO] Generated directive: scene=maintain, intensity=0.60
2025-11-15 18:57:23,850 [INFO] Generated directive: scene=maintain, intensity=0.60
2025-11-15 18:57:23,951 [INFO] Generated directive: scene=maintain, intensity=0.60
2025-11-15 18:57:24,053 [INFO] Generated directive: scene=maintain, intensity=0.60
2025-11-15 18:57:24,154 [INFO] Generated directive: scene=maintain, intensity=0.60
2025-11-15 18:57:24,256 [INFO] Generated directive: scene=maintain, intensity=0.60
2025-11-15 18:57:24,357 [INFO] Generated directive: scene=maintain, intensity=0.60
2025-11-15 18:57:24,459 [INFO] Generated directive: scene=maintain, intensity=0.60
2025-11-15 18:57:24,560 [INFO] Generated directive: scene=maintain, intensity=0.60
2025-11-15 18:57:24,661 [INFO] Generated directive: scene=maintain, intensity=0.60
2025-11-15 18:57:24,762 [INFO] Generated directive: scene=maintain, intensity=0.60
2025-11-15 18:57:24,864 [INFO] Generated directive: scene=maintain, intensity=0.60
2025-11-15 18:57:24,965 [INFO] Generated directive: scene=maintain, intensity=0.60
2025-11-15 18:57:25,066 [INFO] Generated directive: scene=maintain, intensity=0.60
2025-11-15 18:57:25,167 [INFO] Generated directive: scene=maintain, intensity=0.60
2025-11-15 18:57:25,268 [INFO] Generated directive: scene=maintain, intensity=0.60
2025-11-15 18:57:25,369 [INFO] Generated directive: scene=maintain, intensity=0.60
2025-11-15 18:57:25,471 [INFO] Generated directive: scene=maintain, intensity=0.60
2025-11-15 18:57:25,572 [INFO] Generated directive: scene=maintain, intensity=0.60
2025-11-15 18:57:25,673 [INFO] Generated directive: scene=maintain, intensity=0.60
2025-11-15 18:57:25,775 [INFO] Generated directive: scene=maintain, intensity=0.60
2025-11-15 18:57:25,876 [INFO] Generated directive: scene=maintain, intensity=0.60
2025-11-15 18:57:25,977 [INFO] Generated directive: scene=maintain, intensity=0.60
2025-11-15 18:57:26,078 [INFO] Generated directive: scene=maintain, intensity=0.60
2025-11-15 18:57:26,180 [INFO] Generated directive: scene=maintain, intensity=0.60
2025-11-15 18:57:26,281 [INFO] Generated directive: scene=maintain, intensity=0.60
2025-11-15 18:57:26,382 [INFO] Generated directive: scene=maintain, intensity=0.60
2025-11-15 18:57:26,484 [INFO] Generated directive: scene=maintain, intensity=0.60
2025-11-15 18:57:26,585 [INFO] Generated directive: scene=maintain, intensity=0.60
2025-11-15 18:57:26,687 [INFO] Generated directive: scene=maintain, intensity=0.60
2025-11-15 18:57:26,789 [INFO] Generated directive: scene=maintain, intensity=0.60
2025-11-15 18:57:26,890 [INFO] Generated directive: scene=maintain, intensity=0.60
2025-11-15 18:57:26,992 [INFO] Generated directive: scene=maintain, intensity=0.60
2025-11-15 18:57:27,094 [INFO] Generated directive: scene=maintain, intensity=0.60
2025-11-15 18:57:27,195 [INFO] Generated directive: scene=maintain, intensity=0.60
2025-11-15 18:57:27,296 [INFO] Generated directive: scene=maintain, intensity=0.60
2025-11-15 18:57:27,397 [INFO] Generated directive: scene=maintain, intensity=0.60
2025-11-15 18:57:27,499 [INFO] Generated directive: scene=maintain, intensity=0.60
2025-11-15 18:57:27,600 [INFO] Generated directive: scene=maintain, intensity=0.60
2025-11-15 18:57:27,701 [INFO] Generated directive: scene=maintain, intensity=0.60
2025-11-15 18:57:27,802 [INFO] Generated directive: scene=maintain, intensity=0.60
2025-11-15 18:57:27,903 [INFO] Generated directive: scene=maintain, intensity=0.60
2025-11-15 18:57:28,004 [INFO] Generated directive: scene=maintain, intensity=0.60
2025-11-15 18:57:28,105 [INFO] Generated directive: scene=maintain, intensity=0.60
2025-11-15 18:57:28,205 [INFO] Generated directive: scene=maintain, intensity=0.60
2025-11-15 18:57:28,307 [INFO] Generated directive: scene=maintain, intensity=0.60
2025-11-15 18:57:28,408 [INFO] Generated directive: scene=maintain, intensity=0.60
2025-11-15 18:57:28,509 [INFO] Generated directive: scene=maintain, intensity=0.60
2025-11-15 18:57:28,611 [INFO] Generated directive: scene=maintain, intensity=0.60
2025-11-15 18:57:28,713 [INFO] Generated directive: scene=maintain, intensity=0.60
2025-11-15 18:57:28,815 [INFO] Generated directive: scene=maintain, intensity=0.60
2025-11-15 18:57:28,917 [INFO] Generated directive: scene=maintain, intensity=0.60
2025-11-15 18:57:29,019 [INFO] Generated directive: scene=maintain, intensity=0.60
2025-11-15 18:57:29,121 [INFO] Generated directive: scene=maintain, intensity=0.60
2025-11-15 18:57:29,222 [INFO] Generated directive: scene=maintain, intensity=0.60
2025-11-15 18:57:29,323 [INFO] Generated directive: scene=maintain, intensity=0.60
2025-11-15 18:57:29,425 [INFO] Generated directive: scene=maintain, intensity=0.60
2025-11-15 18:57:29,527 [INFO] Generated directive: scene=maintain, intensity=0.60
2025-11-15 18:57:29,630 [INFO] Generated directive: scene=maintain, intensity=0.60
2025-11-15 18:57:29,731 [INFO] Generated directive: scene=maintain, intensity=0.60
2025-11-15 18:57:29,832 [INFO] Generated directive: scene=maintain, intensity=0.60
2025-11-15 18:57:29,934 [INFO] Generated directive: scene=maintain, intensity=0.60
2025-11-15 18:57:30,036 [INFO] Generated directive: scene=maintain, intensity=0.60
2025-11-15 18:57:30,138 [INFO] Generated directive: scene=maintain, intensity=0.60
2025-11-15 18:57:30,240 [INFO] Generated directive: scene=maintain, intensity=0.60
2025-11-15 18:57:30,341 [INFO] Generated directive: scene=maintain, intensity=0.60
2025-11-15 18:57:30,443 [INFO] Generated directive: scene=maintain, intensity=0.60
2025-11-15 18:57:30,545 [INFO] Generated directive: scene=maintain, intensity=0.60
2025-11-15 18:57:30,648 [INFO] Generated directive: scene=maintain, intensity=0.60
2025-11-15 18:57:30,749 [INFO] Generated directive: scene=maintain, intensity=0.60
2025-11-15 18:57:30,851 [INFO] Generated directive: scene=maintain, intensity=0.60
2025-11-15 18:57:30,953 [INFO] Generated directive: scene=maintain, intensity=0.60
2025-11-15 18:57:31,055 [INFO] Generated directive: scene=maintain, intensity=0.60
2025-11-15 18:57:31,157 [INFO] Generated directive: scene=maintain, intensity=0.60
2025-11-15 18:57:31,258 [INFO] Generated directive: scene=maintain, intensity=0.60
2025-11-15 18:57:31,360 [INFO] Generated directive: scene=maintain, intensity=0.60
2025-11-15 18:57:31,462 [INFO] Generated directive: scene=maintain, intensity=0.60
2025-11-15 18:57:31,564 [INFO] Generated directive: scene=maintain, intensity=0.60
2025-11-15 18:57:31,666 [INFO] Generated directive: scene=maintain, intensity=0.60
2025-11-15 18:57:31,768 [INFO] Generated directive: scene=maintain, intensity=0.60
2025-11-15 18:57:31,871 [INFO] Generated directive: scene=maintain, intensity=0.60
2025-11-15 18:57:31,972 [INFO] Generated directive: scene=maintain, intensity=0.60
2025-11-15 18:57:32,074 [INFO] Generated directive: scene=maintain, intensity=0.60
2025-11-15 18:57:32,175 [INFO] Generated directive: scene=maintain, intensity=0.60
2025-11-15 18:57:32,277 [INFO] Generated directive: scene=maintain, intensity=0.60
2025-11-15 18:57:32,379 [INFO] Generated directive: scene=maintain, intensity=0.60
2025-11-15 18:57:32,481 [INFO] Generated directive: scene=maintain, intensity=0.60
2025-11-15 18:57:32,582 [INFO] Generated directive: scene=maintain, intensity=0.60
2025-11-15 18:57:32,684 [INFO] Generated directive: scene=maintain, intensity=0.60
2025-11-15 18:57:32,786 [INFO] Generated directive: scene=maintain, intensity=0.60
2025-11-15 18:57:32,888 [INFO] Generated directive: scene=maintain, intensity=0.60
2025-11-15 18:57:32,990 [INFO] Generated directive: scene=maintain, intensity=0.60
2025-11-15 18:57:33,091 [INFO] Generated directive: scene=maintain, intensity=0.60
2025-11-15 18:57:33,194 [INFO] Generated directive: scene=maintain, intensity=0.60
2025-11-15 18:57:33,296 [INFO] Generated directive: scene=maintain, intensity=0.60
2025-11-15 18:57:33,398 [INFO] Generated directive: scene=maintain, intensity=0.60
2025-11-15 18:57:33,500 [INFO] Generated directive: scene=maintain, intensity=0.60
2025-11-15 18:57:33,602 [INFO] Generated directive: scene=maintain, intensity=0.60
2025-11-15 18:57:33,704 [INFO] Generated directive: scene=maintain, intensity=0.60
2025-11-15 18:57:33,806 [INFO] Generated directive: scene=maintain, intensity=0.60
2025-11-15 18:57:33,909 [INFO] Generated directive: scene=maintain, intensity=0.60
2025-11-15 18:57:34,011 [INFO] Generated directive: scene=maintain, intensity=0.60
2025-11-15 18:57:34,113 [INFO] Generated directive: scene=maintain, intensity=0.60
2025-11-15 18:57:34,214 [INFO] Generated directive: scene=maintain, intensity=0.60
2025-11-15 18:57:34,316 [INFO] Generated directive: scene=maintain, intensity=0.60
2025-11-15 18:57:34,418 [INFO] Generated directive: scene=maintain, intensity=0.60
2025-11-15 18:57:34,521 [INFO] Generated directive: scene=maintain, intensity=0.60
2025-11-15 18:57:34,622 [INFO] Generated directive: scene=maintain, intensity=0.60
2025-11-15 18:57:34,723 [INFO] Generated directive: scene=maintain, intensity=0.60
2025-11-15 18:57:34,825 [INFO] Generated directive: scene=maintain, intensity=0.60
2025-11-15 18:57:34,927 [INFO] Generated directive: scene=maintain, intensity=0.60
2025-11-15 18:57:35,032 [INFO] Client disconnected ('127.0.0.1', 64894)
2025-11-15 18:58:30,238 [INFO] Client connected from ('127.0.0.1', 64956)
2025-11-15 18:58:30,239 [INFO] Handling client ('127.0.0.1', 64956)
2025-11-15 18:58:30,239 [INFO] Generated directive: scene=maintain, intensity=0.60
2025-11-15 18:58:30,340 [INFO] Generated directive: scene=maintain, intensity=0.60
2025-11-15 18:58:30,443 [INFO] Generated directive: scene=maintain, intensity=0.60
2025-11-15 18:58:30,545 [INFO] Generated directive: scene=maintain, intensity=0.60
2025-11-15 18:58:30,647 [INFO] Generated directive: scene=maintain, intensity=0.60
2025-11-15 18:58:30,749 [INFO] Generated directive: scene=maintain, intensity=0.60
2025-11-15 18:58:30,851 [INFO] Generated directive: scene=maintain, intensity=0.60
2025-11-15 18:58:30,953 [INFO] Generated directive: scene=maintain, intensity=0.60
2025-11-15 18:58:31,055 [INFO] Generated directive: scene=maintain, intensity=0.60
2025-11-15 18:58:31,156 [INFO] Generated directive: scene=maintain, intensity=0.60
2025-11-15 18:58:31,257 [INFO] Generated directive: scene=maintain, intensity=0.60
2025-11-15 18:58:31,358 [INFO] Generated directive: scene=maintain, intensity=0.60
2025-11-15 18:58:31,460 [INFO] Generated directive: scene=maintain, intensity=0.60
2025-11-15 18:58:31,562 [INFO] Generated directive: scene=maintain, intensity=0.60
2025-11-15 18:58:31,664 [INFO] Generated directive: scene=maintain, intensity=0.60
2025-11-15 18:58:31,766 [INFO] Generated directive: scene=maintain, intensity=0.60
2025-11-15 18:58:31,867 [INFO] Generated directive: scene=maintain, intensity=0.60
2025-11-15 18:58:31,969 [INFO] Generated directive: scene=maintain, intensity=0.60
2025-11-15 18:58:32,070 [INFO] Generated directive: scene=maintain, intensity=0.60
2025-11-15 18:58:32,171 [INFO] Generated directive: scene=maintain, intensity=0.60
2025-11-15 18:58:32,272 [INFO] Generated directive: scene=maintain, intensity=0.60
2025-11-15 18:58:32,373 [INFO] Generated directive: scene=maintain, intensity=0.60
2025-11-15 18:58:32,474 [INFO] Generated directive: scene=maintain, intensity=0.60
2025-11-15 18:58:32,575 [INFO] Generated directive: scene=maintain, intensity=0.60
2025-11-15 18:58:32,676 [INFO] Generated directive: scene=maintain, intensity=0.60
2025-11-15 18:58:32,778 [INFO] Generated directive: scene=maintain, intensity=0.60
2025-11-15 18:58:32,880 [INFO] Generated directive: scene=maintain, intensity=0.60
2025-11-15 18:58:32,982 [INFO] Generated directive: scene=maintain, intensity=0.60
2025-11-15 18:58:33,083 [INFO] Generated directive: scene=maintain, intensity=0.60
2025-11-15 18:58:33,185 [INFO] Generated directive: scene=maintain, intensity=0.60
2025-11-15 18:58:33,286 [INFO] Generated directive: scene=maintain, intensity=0.60
2025-11-15 18:58:33,389 [INFO] Generated directive: scene=maintain, intensity=0.60
2025-11-15 18:58:33,491 [INFO] Generated directive: scene=maintain, intensity=0.60
2025-11-15 18:58:33,592 [INFO] Generated directive: scene=maintain, intensity=0.60
2025-11-15 18:58:33,694 [INFO] Generated directive: scene=maintain, intensity=0.60
2025-11-15 18:58:33,795 [INFO] Generated directive: scene=maintain, intensity=0.60
2025-11-15 18:58:33,896 [INFO] Generated directive: scene=maintain, intensity=0.60
2025-11-15 18:58:33,997 [INFO] Generated directive: scene=maintain, intensity=0.60
2025-11-15 18:58:34,098 [INFO] Generated directive: scene=maintain, intensity=0.60
2025-11-15 18:58:34,199 [INFO] Generated directive: scene=maintain, intensity=0.60
2025-11-15 18:58:34,300 [INFO] Generated directive: scene=maintain, intensity=0.60
2025-11-15 18:58:34,402 [INFO] Generated directive: scene=maintain, intensity=0.60
2025-11-15 18:58:34,503 [INFO] Generated directive: scene=maintain, intensity=0.60
2025-11-15 18:58:34,604 [INFO] Generated directive: scene=maintain, intensity=0.60
2025-11-15 18:58:34,706 [INFO] Generated directive: scene=maintain, intensity=0.60
2025-11-15 18:58:34,807 [INFO] Generated directive: scene=maintain, intensity=0.60
2025-11-15 18:58:34,908 [INFO] Generated directive: scene=maintain, intensity=0.60
2025-11-15 18:58:35,010 [INFO] Generated directive: scene=maintain, intensity=0.60
2025-11-15 18:58:35,111 [INFO] Generated directive: scene=maintain, intensity=0.60
2025-11-15 18:58:35,212 [INFO] Generated directive: scene=maintain, intensity=0.60
2025-11-15 18:58:35,314 [INFO] Generated directive: scene=maintain, intensity=0.60
2025-11-15 18:58:35,415 [INFO] Generated directive: scene=maintain, intensity=0.60
2025-11-15 18:58:35,516 [INFO] Generated directive: scene=maintain, intensity=0.60
2025-11-15 18:58:35,617 [INFO] Generated directive: scene=maintain, intensity=0.60
2025-11-15 18:58:35,718 [INFO] Generated directive: scene=maintain, intensity=0.60
2025-11-15 18:58:35,819 [INFO] Generated directive: scene=maintain, intensity=0.60
2025-11-15 18:58:35,920 [INFO] Generated directive: scene=maintain, intensity=0.60
2025-11-15 18:58:36,021 [INFO] Generated directive: scene=maintain, intensity=0.60
2025-11-15 18:58:36,122 [INFO] Generated directive: scene=maintain, intensity=0.60
2025-11-15 18:58:36,224 [INFO] Generated directive: scene=maintain, intensity=0.60
2025-11-15 18:58:36,326 [INFO] Generated directive: scene=maintain, intensity=0.60
2025-11-15 18:58:36,429 [INFO] Generated directive: scene=maintain, intensity=0.60
2025-11-15 18:58:36,531 [INFO] Generated directive: scene=maintain, intensity=0.60
2025-11-15 18:58:36,632 [INFO] Generated directive: scene=maintain, intensity=0.60
2025-11-15 18:58:36,733 [INFO] Generated directive: scene=maintain, intensity=0.60
2025-11-15 18:58:36,834 [INFO] Generated directive: scene=maintain, intensity=0.60
2025-11-15 18:58:36,935 [INFO] Generated directive: scene=maintain, intensity=0.60
2025-11-15 18:58:37,036 [INFO] Generated directive: scene=maintain, intensity=0.60
2025-11-15 18:58:37,138 [INFO] Generated directive: scene=maintain, intensity=0.60
2025-11-15 18:58:37,239 [INFO] Generated directive: scene=maintain, intensity=0.60
2025-11-15 18:58:37,340 [INFO] Generated directive: scene=maintain, intensity=0.60
2025-11-15 18:58:37,440 [INFO] Generated directive: scene=maintain, intensity=0.60
2025-11-15 18:58:37,542 [INFO] Generated directive: scene=maintain, intensity=0.60
2025-11-15 18:58:37,644 [INFO] Generated directive: scene=maintain, intensity=0.60
2025-11-15 18:58:37,745 [INFO] Generated directive: scene=maintain, intensity=0.60
2025-11-15 18:58:37,846 [INFO] Generated directive: scene=maintain, intensity=0.60
2025-11-15 18:58:37,949 [INFO] Generated directive: scene=maintain, intensity=0.60
2025-11-15 18:58:38,050 [INFO] Generated directive: scene=maintain, intensity=0.60
2025-11-15 18:58:38,152 [INFO] Generated directive: scene=maintain, intensity=0.60
2025-11-15 18:58:38,253 [INFO] Generated directive: scene=maintain, intensity=0.60
2025-11-15 18:58:38,354 [INFO] Generated directive: scene=maintain, intensity=0.60
2025-11-15 18:58:38,455 [INFO] Generated directive: scene=maintain, intensity=0.60
2025-11-15 18:58:38,557 [INFO] Generated directive: scene=maintain, intensity=0.60
2025-11-15 18:58:38,659 [INFO] Generated directive: scene=maintain, intensity=0.60
2025-11-15 18:58:38,761 [INFO] Generated directive: scene=maintain, intensity=0.60
2025-11-15 18:58:38,863 [INFO] Generated directive: scene=maintain, intensity=0.60
2025-11-15 18:58:38,965 [INFO] Generated directive: scene=maintain, intensity=0.60
2025-11-15 18:58:39,066 [INFO] Generated directive: scene=maintain, intensity=0.60
2025-11-15 18:58:39,168 [INFO] Generated directive: scene=maintain, intensity=0.60
2025-11-15 18:58:39,270 [INFO] Generated directive: scene=maintain, intensity=0.60
2025-11-15 18:58:39,371 [INFO] Generated directive: scene=maintain, intensity=0.60
2025-11-15 18:58:39,473 [INFO] Generated directive: scene=maintain, intensity=0.60
2025-11-15 18:58:39,574 [INFO] Generated directive: scene=maintain, intensity=0.60
2025-11-15 18:58:39,676 [INFO] Generated directive: scene=maintain, intensity=0.60
2025-11-15 18:58:39,777 [INFO] Generated directive: scene=maintain, intensity=0.60
2025-11-15 18:58:39,878 [INFO] Generated directive: scene=maintain, intensity=0.60
2025-11-15 18:58:39,988 [INFO] Generated directive: scene=maintain, intensity=0.60
2025-11-15 18:58:40,089 [INFO] Generated directive: scene=maintain, intensity=0.60
2025-11-15 18:58:40,191 [INFO] Generated directive: scene=maintain, intensity=0.60
2025-11-15 18:58:40,293 [INFO] Generated directive: scene=maintain, intensity=0.60
2025-11-15 18:58:40,395 [INFO] Generated directive: scene=maintain, intensity=0.60
2025-11-15 18:58:40,497 [INFO] Generated directive: scene=maintain, intensity=0.60
2025-11-15 18:58:40,599 [INFO] Generated directive: scene=maintain, intensity=0.60
2025-11-15 18:58:40,702 [INFO] Generated directive: scene=maintain, intensity=0.60
2025-11-15 18:58:40,804 [INFO] Generated directive: scene=maintain, intensity=0.60
2025-11-15 18:58:40,906 [INFO] Generated directive: scene=maintain, intensity=0.60
2025-11-15 18:58:41,007 [INFO] Generated directive: scene=maintain, intensity=0.60
2025-11-15 18:58:41,109 [INFO] Generated directive: scene=maintain, intensity=0.60
2025-11-15 18:58:41,210 [INFO] Generated directive: scene=maintain, intensity=0.60
2025-11-15 18:58:41,312 [INFO] Generated directive: scene=maintain, intensity=0.60
2025-11-15 18:58:41,413 [INFO] Generated directive: scene=maintain, intensity=0.60
2025-11-15 18:58:41,515 [INFO] Generated directive: scene=maintain, intensity=0.60
2025-11-15 18:58:41,616 [INFO] Generated directive: scene=maintain, intensity=0.60
2025-11-15 18:58:41,718 [INFO] Generated directive: scene=maintain, intensity=0.60
2025-11-15 18:58:41,819 [INFO] Generated directive: scene=maintain, intensity=0.60
2025-11-15 18:58:41,920 [INFO] Generated directive: scene=maintain, intensity=0.60
2025-11-15 18:58:42,021 [INFO] Generated directive: scene=maintain, intensity=0.60
2025-11-15 18:58:42,122 [INFO] Generated directive: scene=maintain, intensity=0.60
2025-11-15 18:58:42,223 [INFO] Generated directive: scene=maintain, intensity=0.60
2025-11-15 18:58:42,325 [INFO] Generated directive: scene=maintain, intensity=0.60
2025-11-15 18:58:42,426 [INFO] Generated directive: scene=maintain, intensity=0.60
2025-11-15 18:58:42,528 [INFO] Generated directive: scene=maintain, intensity=0.60
2025-11-15 18:58:42,629 [INFO] Generated directive: scene=maintain, intensity=0.60
2025-11-15 18:58:42,731 [INFO] Generated directive: scene=maintain, intensity=0.60
2025-11-15 18:58:42,833 [INFO] Generated directive: scene=maintain, intensity=0.60
2025-11-15 18:58:42,934 [INFO] Generated directive: scene=maintain, intensity=0.60
2025-11-15 18:58:43,035 [INFO] Generated directive: scene=maintain, intensity=0.60
2025-11-15 18:58:43,136 [INFO] Generated directive: scene=maintain, intensity=0.60
2025-11-15 18:58:43,237 [INFO] Generated directive: scene=maintain, intensity=0.60
2025-11-15 18:58:43,338 [INFO] Generated directive: scene=maintain, intensity=0.60
2025-11-15 18:58:43,439 [INFO] Generated directive: scene=maintain, intensity=0.60
2025-11-15 18:58:43,540 [INFO] Generated directive: scene=maintain, intensity=0.60
2025-11-15 18:58:43,641 [INFO] Generated directive: scene=maintain, intensity=0.60
2025-11-15 18:58:43,742 [INFO] Generated directive: scene=maintain, intensity=0.60
2025-11-15 18:58:43,843 [INFO] Generated directive: scene=maintain, intensity=0.60
2025-11-15 18:58:43,945 [INFO] Generated directive: scene=maintain, intensity=0.60
2025-11-15 18:58:44,047 [INFO] Generated directive: scene=maintain, intensity=0.60
2025-11-15 18:58:44,148 [INFO] Generated directive: scene=maintain, intensity=0.60
2025-11-15 18:58:44,250 [INFO] Generated directive: scene=maintain, intensity=0.60
2025-11-15 18:58:44,351 [INFO] Generated directive: scene=maintain, intensity=0.60
2025-11-15 18:58:44,453 [INFO] Generated directive: scene=maintain, intensity=0.60
2025-11-15 18:58:44,554 [INFO] Generated directive: scene=maintain, intensity=0.60
2025-11-15 18:58:44,654 [INFO] Generated directive: scene=maintain, intensity=0.60
2025-11-15 18:58:44,755 [INFO] Generated directive: scene=maintain, intensity=0.60
2025-11-15 18:58:44,856 [INFO] Generated directive: scene=maintain, intensity=0.60
2025-11-15 18:58:44,957 [INFO] Generated directive: scene=maintain, intensity=0.60
2025-11-15 18:58:45,058 [INFO] Generated directive: scene=maintain, intensity=0.60
2025-11-15 18:58:45,160 [INFO] Generated directive: scene=maintain, intensity=0.60
2025-11-15 18:58:45,261 [INFO] Generated directive: scene=maintain, intensity=0.60
2025-11-15 18:58:45,362 [INFO] Generated directive: scene=maintain, intensity=0.60
2025-11-15 18:58:45,464 [INFO] Generated directive: scene=maintain, intensity=0.60
2025-11-15 18:58:45,565 [INFO] Generated directive: scene=maintain, intensity=0.60
2025-11-15 18:58:45,666 [INFO] Generated directive: scene=maintain, intensity=0.60
2025-11-15 18:58:45,767 [INFO] Generated directive: scene=maintain, intensity=0.60
2025-11-15 18:58:45,868 [INFO] Generated directive: scene=maintain, intensity=0.60
2025-11-15 18:58:45,970 [INFO] Generated directive: scene=maintain, intensity=0.60
2025-11-15 18:58:46,071 [INFO] Generated directive: scene=maintain, intensity=0.60
2025-11-15 18:58:46,172 [INFO] Generated directive: scene=maintain, intensity=0.60
2025-11-15 18:58:46,272 [INFO] Generated directive: scene=maintain, intensity=0.60
2025-11-15 18:58:46,374 [INFO] Generated directive: scene=maintain, intensity=0.60
2025-11-15 18:58:46,475 [INFO] Generated directive: scene=maintain, intensity=0.60
2025-11-15 18:58:46,576 [INFO] Generated directive: scene=maintain, intensity=0.60
2025-11-15 18:58:46,677 [INFO] Generated directive: scene=maintain, intensity=0.60
2025-11-15 18:58:46,778 [INFO] Generated directive: scene=maintain, intensity=0.60
2025-11-15 18:58:46,879 [INFO] Generated directive: scene=maintain, intensity=0.60
2025-11-15 18:58:46,980 [INFO] Generated directive: scene=maintain, intensity=0.60
2025-11-15 18:58:47,082 [INFO] Generated directive: scene=maintain, intensity=0.60
2025-11-15 18:58:47,184 [INFO] Generated directive: scene=maintain, intensity=0.60
2025-11-15 18:58:47,285 [INFO] Generated directive: scene=maintain, intensity=0.60
2025-11-15 18:58:47,386 [INFO] Generated directive: scene=maintain, intensity=0.60
2025-11-15 18:58:47,487 [INFO] Generated directive: scene=maintain, intensity=0.60
2025-11-15 18:58:47,588 [INFO] Generated directive: scene=maintain, intensity=0.60
2025-11-15 18:58:47,690 [INFO] Generated directive: scene=maintain, intensity=0.60
2025-11-15 18:58:47,791 [INFO] Generated directive: scene=maintain, intensity=0.60
2025-11-15 18:58:47,892 [INFO] Generated directive: scene=maintain, intensity=0.60
2025-11-15 18:58:47,993 [INFO] Generated directive: scene=maintain, intensity=0.60
2025-11-15 18:58:48,094 [INFO] Generated directive: scene=maintain, intensity=0.60
2025-11-15 18:58:48,195 [INFO] Generated directive: scene=maintain, intensity=0.60
2025-11-15 18:58:48,297 [INFO] Generated directive: scene=maintain, intensity=0.60
2025-11-15 18:58:48,398 [INFO] Generated directive: scene=maintain, intensity=0.60
2025-11-15 18:58:48,499 [INFO] Generated directive: scene=maintain, intensity=0.60
2025-11-15 18:58:48,601 [INFO] Generated directive: scene=maintain, intensity=0.60
2025-11-15 18:58:48,702 [INFO] Generated directive: scene=maintain, intensity=0.60
2025-11-15 18:58:48,803 [INFO] Generated directive: scene=maintain, intensity=0.60
2025-11-15 18:58:48,905 [INFO] Generated directive: scene=maintain, intensity=0.60
2025-11-15 18:58:49,006 [INFO] Generated directive: scene=maintain, intensity=0.60
2025-11-15 18:58:49,107 [INFO] Generated directive: scene=maintain, intensity=0.60
2025-11-15 18:58:49,208 [INFO] Generated directive: scene=maintain, intensity=0.60
2025-11-15 18:58:49,309 [INFO] Generated directive: scene=maintain, intensity=0.60
2025-11-15 18:58:49,411 [INFO] Generated directive: scene=maintain, intensity=0.60
2025-11-15 18:58:49,512 [INFO] Generated directive: scene=maintain, intensity=0.60
2025-11-15 18:58:49,613 [INFO] Generated directive: scene=maintain, intensity=0.60
2025-11-15 18:58:49,716 [INFO] Generated directive: scene=maintain, intensity=0.60
2025-11-15 18:58:49,817 [INFO] Generated directive: scene=maintain, intensity=0.60
2025-11-15 18:58:49,919 [INFO] Generated directive: scene=maintain, intensity=0.60
2025-11-15 18:58:50,020 [INFO] Generated directive: scene=maintain, intensity=0.60
2025-11-15 18:58:50,122 [INFO] Generated directive: scene=maintain, intensity=0.60
2025-11-15 18:58:50,223 [INFO] Generated directive: scene=maintain, intensity=0.60
2025-11-15 18:58:50,325 [INFO] Generated directive: scene=maintain, intensity=0.60
2025-11-15 18:58:50,427 [INFO] Generated directive: scene=maintain, intensity=0.60
2025-11-15 18:58:50,529 [INFO] Generated directive: scene=maintain, intensity=0.60
2025-11-15 18:58:50,631 [INFO] Generated directive: scene=maintain, intensity=0.60
2025-11-15 18:58:50,733 [INFO] Generated directive: scene=maintain, intensity=0.60
2025-11-15 18:58:50,835 [INFO] Generated directive: scene=maintain, intensity=0.60
2025-11-15 18:58:50,937 [INFO] Generated directive: scene=maintain, intensity=0.60
2025-11-15 18:58:51,038 [INFO] Generated directive: scene=maintain, intensity=0.60
2025-11-15 18:58:51,140 [INFO] Generated directive: scene=maintain, intensity=0.60
2025-11-15 18:58:51,242 [INFO] Generated directive: scene=maintain, intensity=0.60
2025-11-15 18:58:51,344 [INFO] Generated directive: scene=maintain, intensity=0.60
2025-11-15 18:58:51,445 [INFO] Generated directive: scene=maintain, intensity=0.60
2025-11-15 18:58:51,546 [INFO] Generated directive: scene=maintain, intensity=0.60
2025-11-15 18:58:51,649 [INFO] Generated directive: scene=maintain, intensity=0.60
2025-11-15 18:58:51,750 [INFO] Generated directive: scene=maintain, intensity=0.60
2025-11-15 18:58:51,852 [INFO] Generated directive: scene=maintain, intensity=0.60
2025-11-15 18:58:51,954 [INFO] Generated directive: scene=maintain, intensity=0.60
2025-11-15 18:58:52,055 [INFO] Generated directive: scene=maintain, intensity=0.60
2025-11-15 18:58:52,156 [INFO] Generated directive: scene=maintain, intensity=0.60
2025-11-15 18:58:52,259 [INFO] Generated directive: scene=maintain, intensity=0.60
2025-11-15 18:58:52,361 [INFO] Generated directive: scene=maintain, intensity=0.60
2025-11-15 18:58:52,462 [INFO] Generated directive: scene=maintain, intensity=0.60
2025-11-15 18:58:52,564 [INFO] Generated directive: scene=maintain, intensity=0.60
2025-11-15 18:58:52,665 [INFO] Generated directive: scene=maintain, intensity=0.60
2025-11-15 18:58:52,767 [INFO] Generated directive: scene=maintain, intensity=0.60
2025-11-15 18:58:52,868 [INFO] Generated directive: scene=maintain, intensity=0.60
2025-11-15 18:58:52,969 [INFO] Generated directive: scene=maintain, intensity=0.60
2025-11-15 18:58:53,071 [INFO] Generated directive: scene=maintain, intensity=0.60
2025-11-15 18:58:53,173 [INFO] Generated directive: scene=maintain, intensity=0.60
2025-11-15 18:58:53,274 [INFO] Generated directive: scene=maintain, intensity=0.60
2025-11-15 18:58:53,376 [INFO] Generated directive: scene=maintain, intensity=0.60
2025-11-15 18:58:53,478 [INFO] Generated directive: scene=maintain, intensity=0.60
2025-11-15 18:58:53,580 [INFO] Generated directive: scene=maintain, intensity=0.60
2025-11-15 18:58:53,682 [INFO] Generated directive: scene=maintain, intensity=0.60
2025-11-15 18:58:53,783 [INFO] Generated directive: scene=maintain, intensity=0.60
2025-11-15 18:58:53,885 [INFO] Generated directive: scene=maintain, intensity=0.60
2025-11-15 18:58:53,987 [INFO] Generated directive: scene=maintain, intensity=0.60
2025-11-15 18:58:54,089 [INFO] Generated directive: scene=maintain, intensity=0.60
2025-11-15 18:58:54,191 [INFO] Generated directive: scene=maintain, intensity=0.60
2025-11-15 18:58:54,293 [INFO] Generated directive: scene=maintain, intensity=0.60
2025-11-15 18:58:54,394 [INFO] Generated directive: scene=maintain, intensity=0.60
2025-11-15 18:58:54,496 [INFO] Generated directive: scene=maintain, intensity=0.60
2025-11-15 18:58:54,598 [INFO] Generated directive: scene=maintain, intensity=0.60
2025-11-15 18:58:54,700 [INFO] Generated directive: scene=maintain, intensity=0.60
2025-11-15 18:58:54,802 [INFO] Generated directive: scene=maintain, intensity=0.60
2025-11-15 18:58:54,905 [INFO] Generated directive: scene=maintain, intensity=0.60
2025-11-15 18:58:55,006 [INFO] Generated directive: scene=maintain, intensity=0.60
2025-11-15 18:58:55,108 [INFO] Generated directive: scene=maintain, intensity=0.60
2025-11-15 18:58:55,210 [INFO] Generated directive: scene=maintain, intensity=0.60
2025-11-15 18:58:55,312 [INFO] Generated directive: scene=maintain, intensity=0.60
2025-11-15 18:58:55,413 [INFO] Generated directive: scene=maintain, intensity=0.60
2025-11-15 18:58:55,514 [INFO] Generated directive: scene=maintain, intensity=0.60
2025-11-15 18:58:55,616 [INFO] Generated directive: scene=maintain, intensity=0.60
2025-11-15 18:58:55,717 [INFO] Generated directive: scene=maintain, intensity=0.60
2025-11-15 18:58:55,818 [INFO] Generated directive: scene=maintain, intensity=0.60
2025-11-15 18:58:55,920 [INFO] Generated directive: scene=maintain, intensity=0.60
2025-11-15 18:58:56,021 [INFO] Generated directive: scene=maintain, intensity=0.60
2025-11-15 18:58:56,123 [INFO] Generated directive: scene=maintain, intensity=0.60
2025-11-15 18:58:56,224 [INFO] Generated directive: scene=maintain, intensity=0.60
2025-11-15 18:58:56,326 [INFO] Generated directive: scene=maintain, intensity=0.60
2025-11-15 18:58:56,428 [INFO] Generated directive: scene=maintain, intensity=0.60
2025-11-15 18:58:56,530 [INFO] Generated directive: scene=maintain, intensity=0.60
2025-11-15 18:58:56,633 [INFO] Generated directive: scene=maintain, intensity=0.60
2025-11-15 18:58:56,735 [INFO] Generated directive: scene=maintain, intensity=0.60
2025-11-15 18:58:56,836 [INFO] Generated directive: scene=maintain, intensity=0.60
2025-11-15 18:58:56,938 [INFO] Generated directive: scene=maintain, intensity=0.60
2025-11-15 18:58:57,040 [INFO] Generated directive: scene=maintain, intensity=0.60
2025-11-15 18:58:57,142 [INFO] Generated directive: scene=maintain, intensity=0.60
2025-11-15 18:58:57,243 [INFO] Generated directive: scene=maintain, intensity=0.60
2025-11-15 18:58:57,344 [INFO] Generated directive: scene=maintain, intensity=0.60
2025-11-15 18:58:57,446 [INFO] Generated directive: scene=maintain, intensity=0.60
2025-11-15 18:58:57,548 [INFO] Generated directive: scene=maintain, intensity=0.60
2025-11-15 18:58:57,650 [INFO] Generated directive: scene=maintain, intensity=0.60
2025-11-15 18:58:57,752 [INFO] Generated directive: scene=maintain, intensity=0.60
2025-11-15 18:58:57,854 [INFO] Generated directive: scene=maintain, intensity=0.60
2025-11-15 18:58:57,956 [INFO] Generated directive: scene=maintain, intensity=0.60
2025-11-15 18:58:58,058 [INFO] Generated directive: scene=maintain, intensity=0.60
2025-11-15 18:58:58,160 [INFO] Generated directive: scene=maintain, intensity=0.60
2025-11-15 18:58:58,262 [INFO] Generated directive: scene=maintain, intensity=0.60
2025-11-15 18:58:58,363 [INFO] Generated directive: scene=maintain, intensity=0.60
2025-11-15 18:58:58,465 [INFO] Generated directive: scene=maintain, intensity=0.60
2025-11-15 18:58:58,566 [INFO] Generated directive: scene=maintain, intensity=0.60
2025-11-15 18:58:58,668 [INFO] Generated directive: scene=maintain, intensity=0.60
2025-11-15 18:58:58,769 [INFO] Generated directive: scene=maintain, intensity=0.60
2025-11-15 18:58:58,870 [INFO] Generated directive: scene=maintain, intensity=0.60
2025-11-15 18:58:58,972 [INFO] Generated directive: scene=maintain, intensity=0.60
2025-11-15 18:58:59,074 [INFO] Generated directive: scene=maintain, intensity=0.60
2025-11-15 18:58:59,176 [INFO] Generated directive: scene=maintain, intensity=0.60
2025-11-15 18:58:59,278 [INFO] Generated directive: scene=maintain, intensity=0.60
2025-11-15 18:58:59,380 [INFO] Generated directive: scene=maintain, intensity=0.60
2025-11-15 18:58:59,482 [INFO] Generated directive: scene=maintain, intensity=0.60
2025-11-15 18:58:59,585 [INFO] Generated directive: scene=maintain, intensity=0.60
2025-11-15 18:58:59,686 [INFO] Generated directive: scene=maintain, intensity=0.60
2025-11-15 18:58:59,788 [INFO] Generated directive: scene=maintain, intensity=0.60
2025-11-15 18:58:59,889 [INFO] Generated directive: scene=maintain, intensity=0.60
2025-11-15 18:58:59,991 [INFO] Generated directive: scene=maintain, intensity=0.60
2025-11-15 18:59:00,093 [INFO] Generated directive: scene=maintain, intensity=0.60
2025-11-15 18:59:00,194 [INFO] Generated directive: scene=maintain, intensity=0.60
2025-11-15 18:59:00,296 [INFO] Generated directive: scene=maintain, intensity=0.60
2025-11-15 18:59:00,398 [INFO] Generated directive: scene=maintain, intensity=0.60
2025-11-15 18:59:00,500 [INFO] Generated directive: scene=maintain, intensity=0.60
2025-11-15 18:59:00,602 [INFO] Generated directive: scene=maintain, intensity=0.60
2025-11-15 18:59:00,704 [INFO] Generated directive: scene=maintain, intensity=0.60
2025-11-15 18:59:00,806 [INFO] Generated directive: scene=maintain, intensity=0.60
2025-11-15 18:59:00,908 [INFO] Generated directive: scene=maintain, intensity=0.60
2025-11-15 18:59:01,009 [INFO] Generated directive: scene=maintain, intensity=0.60
2025-11-15 18:59:01,110 [INFO] Generated directive: scene=maintain, intensity=0.60
2025-11-15 18:59:01,211 [INFO] Generated directive: scene=maintain, intensity=0.60
2025-11-15 18:59:01,312 [INFO] Generated directive: scene=maintain, intensity=0.60
2025-11-15 18:59:01,414 [INFO] Generated directive: scene=maintain, intensity=0.60
2025-11-15 18:59:01,515 [INFO] Generated directive: scene=maintain, intensity=0.60
2025-11-15 18:59:01,616 [INFO] Generated directive: scene=maintain, intensity=0.60
2025-11-15 18:59:01,717 [INFO] Generated directive: scene=maintain, intensity=0.60
2025-11-15 18:59:01,818 [INFO] Generated directive: scene=maintain, intensity=0.60
2025-11-15 18:59:01,919 [INFO] Generated directive: scene=maintain, intensity=0.60
2025-11-15 18:59:02,020 [INFO] Generated directive: scene=maintain, intensity=0.60
2025-11-15 18:59:02,122 [INFO] Generated directive: scene=maintain, intensity=0.60
2025-11-15 18:59:02,224 [INFO] Generated directive: scene=maintain, intensity=0.60
2025-11-15 18:59:02,326 [INFO] Generated directive: scene=maintain, intensity=0.60
2025-11-15 18:59:02,427 [INFO] Generated directive: scene=maintain, intensity=0.60
2025-11-15 18:59:02,529 [INFO] Generated directive: scene=maintain, intensity=0.60
2025-11-15 18:59:02,631 [INFO] Generated directive: scene=maintain, intensity=0.60
2025-11-15 18:59:02,733 [INFO] Generated directive: scene=maintain, intensity=0.60
2025-11-15 18:59:02,834 [INFO] Generated directive: scene=maintain, intensity=0.60
2025-11-15 18:59:02,935 [INFO] Generated directive: scene=maintain, intensity=0.60
2025-11-15 18:59:03,037 [INFO] Generated directive: scene=maintain, intensity=0.60
2025-11-15 18:59:03,139 [INFO] Generated directive: scene=maintain, intensity=0.60
2025-11-15 18:59:03,241 [INFO] Generated directive: scene=maintain, intensity=0.60
2025-11-15 18:59:03,343 [INFO] Generated directive: scene=maintain, intensity=0.60
2025-11-15 18:59:03,445 [INFO] Generated directive: scene=maintain, intensity=0.60
2025-11-15 18:59:03,546 [INFO] Generated directive: scene=maintain, intensity=0.60
2025-11-15 18:59:03,648 [INFO] Generated directive: scene=maintain, intensity=0.60
2025-11-15 18:59:03,750 [INFO] Generated directive: scene=maintain, intensity=0.60
2025-11-15 18:59:03,852 [INFO] Generated directive: scene=maintain, intensity=0.60
2025-11-15 18:59:03,954 [INFO] Generated directive: scene=maintain, intensity=0.60
2025-11-15 18:59:04,056 [INFO] Generated directive: scene=maintain, intensity=0.60
2025-11-15 18:59:04,158 [INFO] Generated directive: scene=maintain, intensity=0.60
2025-11-15 18:59:04,260 [INFO] Generated directive: scene=maintain, intensity=0.60
2025-11-15 18:59:04,362 [INFO] Generated directive: scene=maintain, intensity=0.60
2025-11-15 18:59:04,464 [INFO] Generated directive: scene=maintain, intensity=0.60
2025-11-15 18:59:04,566 [INFO] Generated directive: scene=maintain, intensity=0.60
2025-11-15 18:59:04,667 [INFO] Generated directive: scene=maintain, intensity=0.60
2025-11-15 18:59:04,768 [INFO] Generated directive: scene=maintain, intensity=0.60
2025-11-15 18:59:04,869 [INFO] Generated directive: scene=maintain, intensity=0.60
2025-11-15 18:59:04,971 [INFO] Generated directive: scene=maintain, intensity=0.60
2025-11-15 18:59:05,073 [INFO] Generated directive: scene=maintain, intensity=0.60
2025-11-15 18:59:05,175 [INFO] Generated directive: scene=maintain, intensity=0.60
2025-11-15 18:59:05,277 [INFO] Generated directive: scene=maintain, intensity=0.60
2025-11-15 18:59:05,380 [INFO] Generated directive: scene=maintain, intensity=0.60
2025-11-15 18:59:05,482 [INFO] Generated directive: scene=maintain, intensity=0.60
2025-11-15 18:59:05,584 [INFO] Generated directive: scene=maintain, intensity=0.60
2025-11-15 18:59:05,685 [INFO] Generated directive: scene=maintain, intensity=0.60
2025-11-15 18:59:05,786 [INFO] Generated directive: scene=maintain, intensity=0.60
2025-11-15 18:59:05,887 [INFO] Generated directive: scene=maintain, intensity=0.60
2025-11-15 18:59:05,988 [INFO] Generated directive: scene=maintain, intensity=0.60
2025-11-15 18:59:06,091 [INFO] Generated directive: scene=maintain, intensity=0.60
2025-11-15 18:59:06,193 [INFO] Generated directive: scene=maintain, intensity=0.60
2025-11-15 18:59:06,294 [INFO] Generated directive: scene=maintain, intensity=0.60
2025-11-15 18:59:06,396 [INFO] Generated directive: scene=maintain, intensity=0.60
2025-11-15 18:59:06,498 [INFO] Generated directive: scene=maintain, intensity=0.60
2025-11-15 18:59:06,600 [INFO] Generated directive: scene=maintain, intensity=0.60
2025-11-15 18:59:06,702 [INFO] Generated directive: scene=maintain, intensity=0.60
2025-11-15 18:59:06,803 [INFO] Generated directive: scene=maintain, intensity=0.60
2025-11-15 18:59:06,905 [INFO] Generated directive: scene=maintain, intensity=0.60
2025-11-15 18:59:07,006 [INFO] Generated directive: scene=maintain, intensity=0.60
2025-11-15 18:59:07,108 [INFO] Generated directive: scene=maintain, intensity=0.60
2025-11-15 18:59:07,209 [INFO] Generated directive: scene=maintain, intensity=0.60
2025-11-15 18:59:07,311 [INFO] Generated directive: scene=maintain, intensity=0.60
2025-11-15 18:59:07,412 [INFO] Generated directive: scene=maintain, intensity=0.60
2025-11-15 18:59:07,513 [INFO] Generated directive: scene=maintain, intensity=0.60
2025-11-15 18:59:07,615 [INFO] Generated directive: scene=maintain, intensity=0.60
2025-11-15 18:59:07,717 [INFO] Generated directive: scene=maintain, intensity=0.60
2025-11-15 18:59:07,818 [INFO] Generated directive: scene=maintain, intensity=0.60
2025-11-15 18:59:07,920 [INFO] Generated directive: scene=maintain, intensity=0.60
2025-11-15 18:59:08,021 [INFO] Generated directive: scene=maintain, intensity=0.60
2025-11-15 18:59:08,123 [INFO] Generated directive: scene=maintain, intensity=0.60
2025-11-15 18:59:08,225 [INFO] Generated directive: scene=maintain, intensity=0.60
2025-11-15 18:59:08,327 [INFO] Generated directive: scene=maintain, intensity=0.60
2025-11-15 18:59:08,428 [INFO] Generated directive: scene=maintain, intensity=0.60
2025-11-15 18:59:08,529 [INFO] Generated directive: scene=maintain, intensity=0.60
2025-11-15 18:59:08,631 [INFO] Generated directive: scene=maintain, intensity=0.60
2025-11-15 18:59:08,734 [INFO] Generated directive: scene=maintain, intensity=0.60
2025-11-15 18:59:08,836 [INFO] Generated directive: scene=maintain, intensity=0.60
2025-11-15 18:59:08,939 [INFO] Generated directive: scene=maintain, intensity=0.60
2025-11-15 18:59:09,041 [INFO] Generated directive: scene=maintain, intensity=0.60
2025-11-15 18:59:09,143 [INFO] Generated directive: scene=maintain, intensity=0.60
2025-11-15 18:59:09,245 [INFO] Generated directive: scene=maintain, intensity=0.60
2025-11-15 18:59:09,346 [INFO] Generated directive: scene=maintain, intensity=0.60
2025-11-15 18:59:09,448 [INFO] Generated directive: scene=maintain, intensity=0.60
2025-11-15 18:59:09,549 [INFO] Generated directive: scene=maintain, intensity=0.60
2025-11-15 18:59:09,651 [INFO] Generated directive: scene=maintain, intensity=0.60
2025-11-15 18:59:09,752 [INFO] Generated directive: scene=maintain, intensity=0.60
2025-11-15 18:59:09,853 [INFO] Generated directive: scene=maintain, intensity=0.60
2025-11-15 18:59:09,955 [INFO] Generated directive: scene=maintain, intensity=0.60
2025-11-15 18:59:10,057 [INFO] Generated directive: scene=maintain, intensity=0.60
2025-11-15 18:59:10,159 [INFO] Generated directive: scene=maintain, intensity=0.60
2025-11-15 18:59:10,261 [INFO] Generated directive: scene=maintain, intensity=0.60
2025-11-15 18:59:10,363 [INFO] Generated directive: scene=maintain, intensity=0.60
2025-11-15 18:59:10,465 [INFO] Generated directive: scene=maintain, intensity=0.60
2025-11-15 18:59:10,567 [INFO] Generated directive: scene=maintain, intensity=0.60
2025-11-15 18:59:10,669 [INFO] Generated directive: scene=maintain, intensity=0.60
2025-11-15 18:59:10,770 [INFO] Generated directive: scene=maintain, intensity=0.60
2025-11-15 18:59:10,871 [INFO] Generated directive: scene=maintain, intensity=0.60
2025-11-15 18:59:10,973 [INFO] Generated directive: scene=maintain, intensity=0.60
2025-11-15 18:59:11,075 [INFO] Generated directive: scene=maintain, intensity=0.60
2025-11-15 18:59:11,177 [INFO] Generated directive: scene=maintain, intensity=0.60
2025-11-15 18:59:11,278 [INFO] Generated directive: scene=maintain, intensity=0.60
2025-11-15 18:59:11,380 [INFO] Generated directive: scene=maintain, intensity=0.60
2025-11-15 18:59:11,482 [INFO] Generated directive: scene=maintain, intensity=0.60
2025-11-15 18:59:11,584 [INFO] Generated directive: scene=maintain, intensity=0.60
2025-11-15 18:59:11,686 [INFO] Generated directive: scene=maintain, intensity=0.60
2025-11-15 18:59:11,788 [INFO] Generated directive: scene=maintain, intensity=0.60
2025-11-15 18:59:11,890 [INFO] Generated directive: scene=maintain, intensity=0.60
2025-11-15 18:59:11,992 [INFO] Generated directive: scene=maintain, intensity=0.60
2025-11-15 18:59:12,094 [INFO] Generated directive: scene=maintain, intensity=0.60
2025-11-15 18:59:12,196 [INFO] Generated directive: scene=maintain, intensity=0.60
2025-11-15 18:59:12,298 [INFO] Generated directive: scene=maintain, intensity=0.60
2025-11-15 18:59:12,400 [INFO] Generated directive: scene=maintain, intensity=0.60
2025-11-15 18:59:12,501 [INFO] Generated directive: scene=maintain, intensity=0.60
2025-11-15 18:59:12,603 [INFO] Generated directive: scene=maintain, intensity=0.60
2025-11-15 18:59:12,704 [INFO] Generated directive: scene=maintain, intensity=0.60
2025-11-15 18:59:12,806 [INFO] Generated directive: scene=maintain, intensity=0.60
2025-11-15 18:59:12,908 [INFO] Generated directive: scene=maintain, intensity=0.60
2025-11-15 18:59:13,009 [INFO] Generated directive: scene=maintain, intensity=0.60
2025-11-15 18:59:13,111 [INFO] Generated directive: scene=maintain, intensity=0.60
2025-11-15 18:59:13,213 [INFO] Generated directive: scene=maintain, intensity=0.60
2025-11-15 18:59:13,315 [INFO] Generated directive: scene=maintain, intensity=0.60
2025-11-15 18:59:13,417 [INFO] Generated directive: scene=maintain, intensity=0.60
2025-11-15 18:59:13,518 [INFO] Generated directive: scene=maintain, intensity=0.60
2025-11-15 18:59:13,620 [INFO] Generated directive: scene=maintain, intensity=0.60
2025-11-15 18:59:13,721 [INFO] Generated directive: scene=maintain, intensity=0.60
2025-11-15 18:59:13,824 [INFO] Generated directive: scene=maintain, intensity=0.60
2025-11-15 18:59:13,925 [INFO] Generated directive: scene=maintain, intensity=0.60
2025-11-15 18:59:14,025 [INFO] Generated directive: scene=maintain, intensity=0.60
2025-11-15 18:59:14,126 [INFO] Generated directive: scene=maintain, intensity=0.60
2025-11-15 18:59:14,227 [INFO] Generated directive: scene=maintain, intensity=0.60
2025-11-15 18:59:14,329 [INFO] Generated directive: scene=maintain, intensity=0.60
2025-11-15 18:59:14,431 [INFO] Generated directive: scene=maintain, intensity=0.60
2025-11-15 18:59:14,533 [INFO] Generated directive: scene=maintain, intensity=0.60
2025-11-15 18:59:14,635 [INFO] Generated directive: scene=maintain, intensity=0.60
2025-11-15 18:59:14,737 [INFO] Generated directive: scene=maintain, intensity=0.60
2025-11-15 18:59:14,839 [INFO] Generated directive: scene=maintain, intensity=0.60
2025-11-15 18:59:14,940 [INFO] Generated directive: scene=maintain, intensity=0.60
2025-11-15 18:59:15,042 [INFO] Generated directive: scene=maintain, intensity=0.60
2025-11-15 18:59:15,144 [INFO] Generated directive: scene=maintain, intensity=0.60
2025-11-15 18:59:15,249 [INFO] Client disconnected ('127.0.0.1', 64956)
2025-11-15 19:07:10,726 [INFO] Client connected from ('127.0.0.1', 64506)
2025-11-15 19:07:10,729 [INFO] Handling client ('127.0.0.1', 64506)
2025-11-15 19:07:10,729 [INFO] Generated directive: scene=maintain, intensity=0.60
2025-11-15 19:07:10,831 [INFO] Generated directive: scene=maintain, intensity=0.60
2025-11-15 19:07:10,932 [INFO] Generated directive: scene=maintain, intensity=0.60
2025-11-15 19:07:11,034 [INFO] Generated directive: scene=maintain, intensity=0.60
2025-11-15 19:07:11,135 [INFO] Generated directive: scene=maintain, intensity=0.60
2025-11-15 19:07:11,237 [INFO] Generated directive: scene=maintain, intensity=0.60
2025-11-15 19:07:11,338 [INFO] Generated directive: scene=maintain, intensity=0.60
2025-11-15 19:07:11,440 [INFO] Generated directive: scene=maintain, intensity=0.60
2025-11-15 19:07:11,541 [INFO] Generated directive: scene=maintain, intensity=0.60
2025-11-15 19:07:11,642 [INFO] Generated directive: scene=maintain, intensity=0.60
2025-11-15 19:07:11,743 [INFO] Generated directive: scene=maintain, intensity=0.60
2025-11-15 19:07:11,844 [INFO] Generated directive: scene=maintain, intensity=0.60
2025-11-15 19:07:11,946 [INFO] Generated directive: scene=maintain, intensity=0.60
2025-11-15 19:07:12,047 [INFO] Generated directive: scene=maintain, intensity=0.60
2025-11-15 19:07:12,149 [INFO] Generated directive: scene=maintain, intensity=0.60
2025-11-15 19:07:12,250 [INFO] Generated directive: scene=maintain, intensity=0.60
2025-11-15 19:07:12,353 [INFO] Generated directive: scene=maintain, intensity=0.60
2025-11-15 19:07:12,454 [INFO] Generated directive: scene=maintain, intensity=0.60
2025-11-15 19:07:12,555 [INFO] Generated directive: scene=maintain, intensity=0.60
2025-11-15 19:07:12,657 [INFO] Generated directive: scene=maintain, intensity=0.60
2025-11-15 19:07:12,759 [INFO] Generated directive: scene=maintain, intensity=0.60
2025-11-15 19:07:12,859 [INFO] Generated directive: scene=maintain, intensity=0.60
2025-11-15 19:07:12,961 [INFO] Generated directive: scene=maintain, intensity=0.60
2025-11-15 19:07:13,062 [INFO] Generated directive: scene=maintain, intensity=0.60
2025-11-15 19:07:13,164 [INFO] Generated directive: scene=maintain, intensity=0.60
2025-11-15 19:07:13,266 [INFO] Generated directive: scene=maintain, intensity=0.60
2025-11-15 19:07:13,368 [INFO] Generated directive: scene=maintain, intensity=0.60
2025-11-15 19:07:13,469 [INFO] Generated directive: scene=maintain, intensity=0.60
2025-11-15 19:07:13,570 [INFO] Generated directive: scene=maintain, intensity=0.60
2025-11-15 19:07:13,673 [INFO] Generated directive: scene=maintain, intensity=0.60
2025-11-15 19:07:13,775 [INFO] Generated directive: scene=maintain, intensity=0.60
2025-11-15 19:07:13,878 [INFO] Generated directive: scene=maintain, intensity=0.60
2025-11-15 19:07:13,980 [INFO] Generated directive: scene=maintain, intensity=0.60
2025-11-15 19:07:14,082 [INFO] Generated directive: scene=maintain, intensity=0.60
2025-11-15 19:07:14,184 [INFO] Generated directive: scene=maintain, intensity=0.60
2025-11-15 19:07:14,287 [INFO] Generated directive: scene=maintain, intensity=0.60
2025-11-15 19:07:14,389 [INFO] Generated directive: scene=maintain, intensity=0.60
2025-11-15 19:07:14,491 [INFO] Generated directive: scene=maintain, intensity=0.60
2025-11-15 19:07:14,592 [INFO] Generated directive: scene=maintain, intensity=0.60
2025-11-15 19:07:14,694 [INFO] Generated directive: scene=maintain, intensity=0.60
2025-11-15 19:07:14,796 [INFO] Generated directive: scene=maintain, intensity=0.60
2025-11-15 19:07:14,898 [INFO] Generated directive: scene=maintain, intensity=0.60
2025-11-15 19:07:15,000 [INFO] Generated directive: scene=maintain, intensity=0.60
2025-11-15 19:07:15,101 [INFO] Generated directive: scene=maintain, intensity=0.60
2025-11-15 19:07:15,203 [INFO] Generated directive: scene=maintain, intensity=0.60
2025-11-15 19:07:15,305 [INFO] Generated directive: scene=maintain, intensity=0.60
2025-11-15 19:07:15,407 [INFO] Generated directive: scene=maintain, intensity=0.60
2025-11-15 19:07:15,508 [INFO] Generated directive: scene=maintain, intensity=0.60
2025-11-15 19:07:15,609 [INFO] Generated directive: scene=maintain, intensity=0.60
2025-11-15 19:07:15,711 [INFO] Generated directive: scene=maintain, intensity=0.60
2025-11-15 19:07:15,812 [INFO] Generated directive: scene=maintain, intensity=0.60
2025-11-15 19:07:15,914 [INFO] Generated directive: scene=maintain, intensity=0.60
2025-11-15 19:07:16,016 [INFO] Generated directive: scene=maintain, intensity=0.60
2025-11-15 19:07:16,117 [INFO] Generated directive: scene=maintain, intensity=0.60
2025-11-15 19:07:16,219 [INFO] Generated directive: scene=maintain, intensity=0.60
2025-11-15 19:07:16,321 [INFO] Generated directive: scene=maintain, intensity=0.60
2025-11-15 19:07:16,422 [INFO] Generated directive: scene=maintain, intensity=0.60
2025-11-15 19:07:16,523 [INFO] Generated directive: scene=maintain, intensity=0.60
2025-11-15 19:07:16,624 [INFO] Generated directive: scene=maintain, intensity=0.60
2025-11-15 19:07:16,725 [INFO] Generated directive: scene=maintain, intensity=0.60
2025-11-15 19:07:16,825 [INFO] Generated directive: scene=maintain, intensity=0.60
2025-11-15 19:07:16,926 [INFO] Generated directive: scene=maintain, intensity=0.60
2025-11-15 19:07:17,028 [INFO] Generated directive: scene=maintain, intensity=0.60
2025-11-15 19:07:17,131 [INFO] Generated directive: scene=maintain, intensity=0.60
2025-11-15 19:07:17,235 [INFO] Generated directive: scene=maintain, intensity=0.60
2025-11-15 19:07:17,336 [INFO] Generated directive: scene=maintain, intensity=0.60
2025-11-15 19:07:17,438 [INFO] Generated directive: scene=maintain, intensity=0.60
2025-11-15 19:07:17,539 [INFO] Generated directive: scene=maintain, intensity=0.60
2025-11-15 19:07:17,641 [INFO] Generated directive: scene=maintain, intensity=0.60
2025-11-15 19:07:17,743 [INFO] Generated directive: scene=maintain, intensity=0.60
2025-11-15 19:07:17,844 [INFO] Generated directive: scene=maintain, intensity=0.60
2025-11-15 19:07:17,945 [INFO] Generated directive: scene=maintain, intensity=0.60
2025-11-15 19:07:18,046 [INFO] Generated directive: scene=maintain, intensity=0.60
2025-11-15 19:07:18,148 [INFO] Generated directive: scene=maintain, intensity=0.60
2025-11-15 19:07:18,249 [INFO] Generated directive: scene=maintain, intensity=0.60
2025-11-15 19:07:18,351 [INFO] Generated directive: scene=maintain, intensity=0.60
2025-11-15 19:07:18,453 [INFO] Generated directive: scene=maintain, intensity=0.60
2025-11-15 19:07:18,554 [INFO] Generated directive: scene=maintain, intensity=0.60
2025-11-15 19:07:18,656 [INFO] Generated directive: scene=maintain, intensity=0.60
2025-11-15 19:07:18,757 [INFO] Generated directive: scene=maintain, intensity=0.60
2025-11-15 19:07:18,858 [INFO] Generated directive: scene=maintain, intensity=0.60
2025-11-15 19:07:18,960 [INFO] Generated directive: scene=maintain, intensity=0.60
2025-11-15 19:07:19,061 [INFO] Generated directive: scene=maintain, intensity=0.60
2025-11-15 19:07:19,162 [INFO] Generated directive: scene=maintain, intensity=0.60
2025-11-15 19:07:19,264 [INFO] Generated directive: scene=maintain, intensity=0.60
2025-11-15 19:07:19,365 [INFO] Generated directive: scene=maintain, intensity=0.60
2025-11-15 19:07:19,466 [INFO] Generated directive: scene=maintain, intensity=0.60
2025-11-15 19:07:19,567 [INFO] Generated directive: scene=maintain, intensity=0.60
2025-11-15 19:07:19,668 [INFO] Generated directive: scene=maintain, intensity=0.60
2025-11-15 19:07:19,770 [INFO] Generated directive: scene=maintain, intensity=0.60
2025-11-15 19:07:19,872 [INFO] Generated directive: scene=maintain, intensity=0.60
2025-11-15 19:07:19,975 [INFO] Generated directive: scene=maintain, intensity=0.60
2025-11-15 19:07:20,076 [INFO] Generated directive: scene=maintain, intensity=0.60
2025-11-15 19:07:20,178 [INFO] Generated directive: scene=maintain, intensity=0.60
2025-11-15 19:07:20,280 [INFO] Generated directive: scene=maintain, intensity=0.60
2025-11-15 19:07:20,382 [INFO] Generated directive: scene=maintain, intensity=0.60
2025-11-15 19:07:20,484 [INFO] Generated directive: scene=maintain, intensity=0.60
2025-11-15 19:07:20,586 [INFO] Generated directive: scene=maintain, intensity=0.60
2025-11-15 19:07:20,688 [INFO] Generated directive: scene=maintain, intensity=0.60
2025-11-15 19:07:20,789 [INFO] Generated directive: scene=maintain, intensity=0.60
2025-11-15 19:07:20,891 [INFO] Generated directive: scene=maintain, intensity=0.60
2025-11-15 19:07:20,993 [INFO] Generated directive: scene=maintain, intensity=0.60
2025-11-15 19:07:21,094 [INFO] Generated directive: scene=maintain, intensity=0.60
2025-11-15 19:07:21,196 [INFO] Generated directive: scene=maintain, intensity=0.60
2025-11-15 19:07:21,298 [INFO] Generated directive: scene=maintain, intensity=0.60
2025-11-15 19:07:21,400 [INFO] Generated directive: scene=maintain, intensity=0.60
2025-11-15 19:07:21,501 [INFO] Generated directive: scene=maintain, intensity=0.60
2025-11-15 19:07:21,602 [INFO] Generated directive: scene=maintain, intensity=0.60
2025-11-15 19:07:21,704 [INFO] Generated directive: scene=maintain, intensity=0.60
2025-11-15 19:07:21,805 [INFO] Generated directive: scene=maintain, intensity=0.60
2025-11-15 19:07:21,907 [INFO] Generated directive: scene=maintain, intensity=0.60
2025-11-15 19:07:22,010 [INFO] Generated directive: scene=maintain, intensity=0.60
2025-11-15 19:07:22,112 [INFO] Generated directive: scene=maintain, intensity=0.60
2025-11-15 19:07:22,213 [INFO] Generated directive: scene=maintain, intensity=0.60
2025-11-15 19:07:22,314 [INFO] Generated directive: scene=maintain, intensity=0.60
2025-11-15 19:07:22,415 [INFO] Generated directive: scene=maintain, intensity=0.60
2025-11-15 19:07:22,517 [INFO] Generated directive: scene=maintain, intensity=0.60
2025-11-15 19:07:22,618 [INFO] Generated directive: scene=maintain, intensity=0.60
2025-11-15 19:07:22,719 [INFO] Generated directive: scene=maintain, intensity=0.60
2025-11-15 19:07:22,819 [INFO] Generated directive: scene=maintain, intensity=0.60
2025-11-15 19:07:22,921 [INFO] Generated directive: scene=maintain, intensity=0.60
2025-11-15 19:07:23,023 [INFO] Generated directive: scene=maintain, intensity=0.60
2025-11-15 19:07:23,125 [INFO] Generated directive: scene=maintain, intensity=0.60
2025-11-15 19:07:23,227 [INFO] Generated directive: scene=maintain, intensity=0.60
2025-11-15 19:07:23,328 [INFO] Generated directive: scene=maintain, intensity=0.60
2025-11-15 19:07:23,430 [INFO] Generated directive: scene=maintain, intensity=0.60
2025-11-15 19:07:23,531 [INFO] Generated directive: scene=maintain, intensity=0.60
2025-11-15 19:07:23,632 [INFO] Generated directive: scene=maintain, intensity=0.60
2025-11-15 19:07:23,734 [INFO] Generated directive: scene=maintain, intensity=0.60
2025-11-15 19:07:23,835 [INFO] Generated directive: scene=maintain, intensity=0.60
2025-11-15 19:07:23,936 [INFO] Generated directive: scene=maintain, intensity=0.60
2025-11-15 19:07:24,038 [INFO] Generated directive: scene=maintain, intensity=0.60
2025-11-15 19:07:24,140 [INFO] Generated directive: scene=maintain, intensity=0.60
2025-11-15 19:07:24,242 [INFO] Generated directive: scene=maintain, intensity=0.60
2025-11-15 19:07:24,344 [INFO] Generated directive: scene=maintain, intensity=0.60
2025-11-15 19:07:24,446 [INFO] Generated directive: scene=maintain, intensity=0.60
2025-11-15 19:07:24,548 [INFO] Generated directive: scene=maintain, intensity=0.60
2025-11-15 19:07:24,651 [INFO] Generated directive: scene=maintain, intensity=0.60
2025-11-15 19:07:24,753 [INFO] Generated directive: scene=maintain, intensity=0.60
2025-11-15 19:07:24,854 [INFO] Generated directive: scene=maintain, intensity=0.60
2025-11-15 19:07:24,956 [INFO] Generated directive: scene=maintain, intensity=0.60
2025-11-15 19:07:25,058 [INFO] Generated directive: scene=maintain, intensity=0.60
2025-11-15 19:07:25,159 [INFO] Generated directive: scene=maintain, intensity=0.60
2025-11-15 19:07:25,261 [INFO] Generated directive: scene=maintain, intensity=0.60
2025-11-15 19:07:25,362 [INFO] Generated directive: scene=maintain, intensity=0.60
2025-11-15 19:07:25,464 [INFO] Generated directive: scene=maintain, intensity=0.60
2025-11-15 19:07:25,566 [INFO] Generated directive: scene=maintain, intensity=0.60
2025-11-15 19:07:25,667 [INFO] Generated directive: scene=maintain, intensity=0.60
2025-11-15 19:07:25,769 [INFO] Generated directive: scene=maintain, intensity=0.60
2025-11-15 19:07:25,870 [INFO] Generated directive: scene=maintain, intensity=0.60
2025-11-15 19:07:25,972 [INFO] Generated directive: scene=maintain, intensity=0.60
2025-11-15 19:07:26,074 [INFO] Generated directive: scene=maintain, intensity=0.60
2025-11-15 19:07:26,176 [INFO] Generated directive: scene=maintain, intensity=0.60
2025-11-15 19:07:26,278 [INFO] Generated directive: scene=maintain, intensity=0.60
2025-11-15 19:07:26,379 [INFO] Generated directive: scene=maintain, intensity=0.60
2025-11-15 19:07:26,480 [INFO] Generated directive: scene=maintain, intensity=0.60
2025-11-15 19:07:26,582 [INFO] Generated directive: scene=maintain, intensity=0.60
2025-11-15 19:07:26,684 [INFO] Generated directive: scene=maintain, intensity=0.60
2025-11-15 19:07:26,785 [INFO] Generated directive: scene=maintain, intensity=0.60
2025-11-15 19:07:26,887 [INFO] Generated directive: scene=maintain, intensity=0.60
2025-11-15 19:07:26,989 [INFO] Generated directive: scene=maintain, intensity=0.60
2025-11-15 19:07:27,091 [INFO] Generated directive: scene=maintain, intensity=0.60
2025-11-15 19:07:27,193 [INFO] Generated directive: scene=maintain, intensity=0.60
2025-11-15 19:07:27,295 [INFO] Generated directive: scene=maintain, intensity=0.60
2025-11-15 19:07:27,396 [INFO] Generated directive: scene=maintain, intensity=0.60
2025-11-15 19:07:27,498 [INFO] Generated directive: scene=maintain, intensity=0.60
2025-11-15 19:07:27,600 [INFO] Generated directive: scene=maintain, intensity=0.60
2025-11-15 19:07:27,702 [INFO] Generated directive: scene=maintain, intensity=0.60
2025-11-15 19:07:27,802 [INFO] Generated directive: scene=maintain, intensity=0.60
2025-11-15 19:07:27,904 [INFO] Generated directive: scene=maintain, intensity=0.60
2025-11-15 19:07:28,005 [INFO] Generated directive: scene=maintain, intensity=0.60
2025-11-15 19:07:28,107 [INFO] Generated directive: scene=maintain, intensity=0.60
2025-11-15 19:07:28,209 [INFO] Generated directive: scene=maintain, intensity=0.60
2025-11-15 19:07:28,311 [INFO] Generated directive: scene=maintain, intensity=0.60
2025-11-15 19:07:28,412 [INFO] Generated directive: scene=maintain, intensity=0.60
2025-11-15 19:07:28,514 [INFO] Generated directive: scene=maintain, intensity=0.60
2025-11-15 19:07:28,615 [INFO] Generated directive: scene=maintain, intensity=0.60
2025-11-15 19:07:28,717 [INFO] Generated directive: scene=maintain, intensity=0.60
2025-11-15 19:07:28,819 [INFO] Generated directive: scene=maintain, intensity=0.60
2025-11-15 19:07:28,920 [INFO] Generated directive: scene=maintain, intensity=0.60
2025-11-15 19:07:29,022 [INFO] Generated directive: scene=maintain, intensity=0.60
2025-11-15 19:07:29,124 [INFO] Generated directive: scene=maintain, intensity=0.60
2025-11-15 19:07:29,226 [INFO] Generated directive: scene=maintain, intensity=0.60
2025-11-15 19:07:29,328 [INFO] Generated directive: scene=maintain, intensity=0.60
2025-11-15 19:07:29,429 [INFO] Generated directive: scene=maintain, intensity=0.60
2025-11-15 19:07:29,530 [INFO] Generated directive: scene=maintain, intensity=0.60
2025-11-15 19:07:29,632 [INFO] Generated directive: scene=maintain, intensity=0.60
2025-11-15 19:07:29,733 [INFO] Generated directive: scene=maintain, intensity=0.60
2025-11-15 19:07:29,835 [INFO] Generated directive: scene=maintain, intensity=0.60
2025-11-15 19:07:29,936 [INFO] Generated directive: scene=maintain, intensity=0.60
2025-11-15 19:07:30,037 [INFO] Generated directive: scene=maintain, intensity=0.60
2025-11-15 19:07:30,139 [INFO] Generated directive: scene=maintain, intensity=0.60
2025-11-15 19:07:30,240 [INFO] Generated directive: scene=maintain, intensity=0.60
2025-11-15 19:07:30,341 [INFO] Generated directive: scene=maintain, intensity=0.60
2025-11-15 19:07:30,443 [INFO] Generated directive: scene=maintain, intensity=0.60
2025-11-15 19:07:30,545 [INFO] Generated directive: scene=maintain, intensity=0.60
2025-11-15 19:07:30,646 [INFO] Generated directive: scene=maintain, intensity=0.60
2025-11-15 19:07:30,748 [INFO] Generated directive: scene=maintain, intensity=0.60
2025-11-15 19:07:30,850 [INFO] Generated directive: scene=maintain, intensity=0.60
2025-11-15 19:07:30,952 [INFO] Generated directive: scene=maintain, intensity=0.60
2025-11-15 19:07:31,054 [INFO] Generated directive: scene=maintain, intensity=0.60
2025-11-15 19:07:31,155 [INFO] Generated directive: scene=maintain, intensity=0.60
2025-11-15 19:07:31,257 [INFO] Generated directive: scene=maintain, intensity=0.60
2025-11-15 19:07:31,358 [INFO] Generated directive: scene=maintain, intensity=0.60
2025-11-15 19:07:31,459 [INFO] Generated directive: scene=maintain, intensity=0.60
2025-11-15 19:07:31,561 [INFO] Generated directive: scene=maintain, intensity=0.60
2025-11-15 19:07:31,662 [INFO] Generated directive: scene=maintain, intensity=0.60
2025-11-15 19:07:31,763 [INFO] Generated directive: scene=maintain, intensity=0.60
2025-11-15 19:07:31,865 [INFO] Generated directive: scene=maintain, intensity=0.60
2025-11-15 19:07:31,967 [INFO] Generated directive: scene=maintain, intensity=0.60
2025-11-15 19:07:32,068 [INFO] Generated directive: scene=maintain, intensity=0.60
2025-11-15 19:07:32,171 [INFO] Generated directive: scene=maintain, intensity=0.60
2025-11-15 19:07:32,272 [INFO] Generated directive: scene=maintain, intensity=0.60
2025-11-15 19:07:32,373 [INFO] Generated directive: scene=maintain, intensity=0.60
2025-11-15 19:07:32,474 [INFO] Generated directive: scene=maintain, intensity=0.60
2025-11-15 19:07:32,575 [INFO] Generated directive: scene=maintain, intensity=0.60
2025-11-15 19:07:32,677 [INFO] Generated directive: scene=maintain, intensity=0.60
2025-11-15 19:07:32,779 [INFO] Generated directive: scene=maintain, intensity=0.60
2025-11-15 19:07:32,880 [INFO] Generated directive: scene=maintain, intensity=0.60
2025-11-15 19:07:32,982 [INFO] Generated directive: scene=maintain, intensity=0.60
2025-11-15 19:07:33,085 [INFO] Generated directive: scene=maintain, intensity=0.60
2025-11-15 19:07:33,186 [INFO] Generated directive: scene=maintain, intensity=0.60
2025-11-15 19:07:33,288 [INFO] Generated directive: scene=maintain, intensity=0.60
2025-11-15 19:07:33,389 [INFO] Generated directive: scene=maintain, intensity=0.60
2025-11-15 19:07:33,491 [INFO] Generated directive: scene=maintain, intensity=0.60
2025-11-15 19:07:33,593 [INFO] Generated directive: scene=maintain, intensity=0.60
2025-11-15 19:07:33,694 [INFO] Generated directive: scene=maintain, intensity=0.60
2025-11-15 19:07:33,796 [INFO] Generated directive: scene=maintain, intensity=0.60
2025-11-15 19:07:33,898 [INFO] Generated directive: scene=maintain, intensity=0.60
2025-11-15 19:07:34,000 [INFO] Generated directive: scene=maintain, intensity=0.60
2025-11-15 19:07:34,101 [INFO] Generated directive: scene=maintain, intensity=0.60
2025-11-15 19:07:34,203 [INFO] Generated directive: scene=maintain, intensity=0.60
2025-11-15 19:07:34,305 [INFO] Generated directive: scene=maintain, intensity=0.60
2025-11-15 19:07:34,406 [INFO] Generated directive: scene=maintain, intensity=0.60
2025-11-15 19:07:34,508 [INFO] Generated directive: scene=maintain, intensity=0.60
2025-11-15 19:07:34,609 [INFO] Generated directive: scene=maintain, intensity=0.60
2025-11-15 19:07:34,711 [INFO] Generated directive: scene=maintain, intensity=0.60
2025-11-15 19:07:34,813 [INFO] Generated directive: scene=maintain, intensity=0.60
2025-11-15 19:07:34,915 [INFO] Generated directive: scene=maintain, intensity=0.60
2025-11-15 19:07:35,017 [INFO] Generated directive: scene=maintain, intensity=0.60
2025-11-15 19:07:35,118 [INFO] Generated directive: scene=maintain, intensity=0.60
2025-11-15 19:07:35,221 [INFO] Generated directive: scene=maintain, intensity=0.60
2025-11-15 19:07:35,322 [INFO] Generated directive: scene=maintain, intensity=0.60
2025-11-15 19:07:35,423 [INFO] Generated directive: scene=maintain, intensity=0.60
2025-11-15 19:07:35,525 [INFO] Generated directive: scene=maintain, intensity=0.60
2025-11-15 19:07:35,626 [INFO] Generated directive: scene=maintain, intensity=0.60
2025-11-15 19:07:35,728 [INFO] Generated directive: scene=maintain, intensity=0.60
2025-11-15 19:07:35,830 [INFO] Generated directive: scene=maintain, intensity=0.60
2025-11-15 19:07:35,932 [INFO] Generated directive: scene=maintain, intensity=0.60
2025-11-15 19:07:36,033 [INFO] Generated directive: scene=maintain, intensity=0.60
2025-11-15 19:07:36,134 [INFO] Generated directive: scene=maintain, intensity=0.60
2025-11-15 19:07:36,236 [INFO] Generated directive: scene=maintain, intensity=0.60
2025-11-15 19:07:36,338 [INFO] Generated directive: scene=maintain, intensity=0.60
2025-11-15 19:07:36,440 [INFO] Generated directive: scene=maintain, intensity=0.60
2025-11-15 19:07:36,541 [INFO] Generated directive: scene=maintain, intensity=0.60
2025-11-15 19:07:36,642 [INFO] Generated directive: scene=maintain, intensity=0.60
2025-11-15 19:07:36,743 [INFO] Generated directive: scene=maintain, intensity=0.60
2025-11-15 19:07:36,845 [INFO] Generated directive: scene=maintain, intensity=0.60
2025-11-15 19:07:36,947 [INFO] Generated directive: scene=maintain, intensity=0.60
2025-11-15 19:07:37,048 [INFO] Generated directive: scene=maintain, intensity=0.60
2025-11-15 19:07:37,149 [INFO] Generated directive: scene=maintain, intensity=0.60
2025-11-15 19:07:37,251 [INFO] Generated directive: scene=maintain, intensity=0.60
2025-11-15 19:07:37,352 [INFO] Generated directive: scene=maintain, intensity=0.60
2025-11-15 19:07:37,454 [INFO] Generated directive: scene=maintain, intensity=0.60
2025-11-15 19:07:37,556 [INFO] Generated directive: scene=maintain, intensity=0.60
2025-11-15 19:07:37,658 [INFO] Generated directive: scene=maintain, intensity=0.60
2025-11-15 19:07:37,759 [INFO] Generated directive: scene=maintain, intensity=0.60
2025-11-15 19:07:37,861 [INFO] Generated directive: scene=maintain, intensity=0.60
2025-11-15 19:07:37,962 [INFO] Generated directive: scene=maintain, intensity=0.60
2025-11-15 19:07:38,063 [INFO] Generated directive: scene=maintain, intensity=0.60
2025-11-15 19:07:38,165 [INFO] Generated directive: scene=maintain, intensity=0.60
2025-11-15 19:07:38,267 [INFO] Generated directive: scene=maintain, intensity=0.60
2025-11-15 19:07:38,368 [INFO] Generated directive: scene=maintain, intensity=0.60
2025-11-15 19:07:38,469 [INFO] Generated directive: scene=maintain, intensity=0.60
2025-11-15 19:07:38,571 [INFO] Generated directive: scene=maintain, intensity=0.60
2025-11-15 19:07:38,672 [INFO] Generated directive: scene=maintain, intensity=0.60
2025-11-15 19:07:38,774 [INFO] Generated directive: scene=maintain, intensity=0.60
2025-11-15 19:07:38,875 [INFO] Generated directive: scene=maintain, intensity=0.60
2025-11-15 19:07:38,977 [INFO] Generated directive: scene=maintain, intensity=0.60
2025-11-15 19:07:39,078 [INFO] Generated directive: scene=maintain, intensity=0.60
2025-11-15 19:07:39,363 [INFO] Generated directive: scene=maintain, intensity=0.60
2025-11-15 19:07:39,465 [INFO] Generated directive: scene=maintain, intensity=0.60
2025-11-15 19:07:39,566 [INFO] Generated directive: scene=maintain, intensity=0.60
2025-11-15 19:07:39,668 [INFO] Generated directive: scene=maintain, intensity=0.60
2025-11-15 19:07:39,769 [INFO] Generated directive: scene=maintain, intensity=0.60
2025-11-15 19:07:39,870 [INFO] Generated directive: scene=maintain, intensity=0.60
2025-11-15 19:07:39,971 [INFO] Generated directive: scene=maintain, intensity=0.60
2025-11-15 19:07:40,072 [INFO] Generated directive: scene=maintain, intensity=0.60
2025-11-15 19:07:40,173 [INFO] Generated directive: scene=maintain, intensity=0.60
2025-11-15 19:07:40,275 [INFO] Generated directive: scene=maintain, intensity=0.60
2025-11-15 19:07:40,376 [INFO] Generated directive: scene=maintain, intensity=0.60
2025-11-15 19:07:40,477 [INFO] Generated directive: scene=maintain, intensity=0.60
2025-11-15 19:07:40,579 [INFO] Generated directive: scene=maintain, intensity=0.60
2025-11-15 19:07:40,681 [INFO] Generated directive: scene=maintain, intensity=0.60
2025-11-15 19:07:40,782 [INFO] Generated directive: scene=maintain, intensity=0.60
2025-11-15 19:07:40,884 [INFO] Generated directive: scene=maintain, intensity=0.60
2025-11-15 19:07:40,985 [INFO] Generated directive: scene=maintain, intensity=0.60
2025-11-15 19:07:41,086 [INFO] Generated directive: scene=maintain, intensity=0.60
2025-11-15 19:07:41,187 [INFO] Generated directive: scene=maintain, intensity=0.60
2025-11-15 19:07:41,288 [INFO] Generated directive: scene=maintain, intensity=0.60
2025-11-15 19:07:41,388 [INFO] Generated directive: scene=maintain, intensity=0.60
2025-11-15 19:07:41,489 [INFO] Generated directive: scene=maintain, intensity=0.60
2025-11-15 19:07:41,591 [INFO] Generated directive: scene=maintain, intensity=0.60
2025-11-15 19:07:41,693 [INFO] Generated directive: scene=maintain, intensity=0.60
2025-11-15 19:07:41,795 [INFO] Generated directive: scene=maintain, intensity=0.60
2025-11-15 19:07:41,897 [INFO] Generated directive: scene=maintain, intensity=0.60
2025-11-15 19:07:41,998 [INFO] Generated directive: scene=maintain, intensity=0.60
2025-11-15 19:07:42,100 [INFO] Generated directive: scene=maintain, intensity=0.60
2025-11-15 19:07:42,202 [INFO] Generated directive: scene=maintain, intensity=0.60
2025-11-15 19:07:42,304 [INFO] Generated directive: scene=maintain, intensity=0.60
2025-11-15 19:07:42,406 [INFO] Generated directive: scene=maintain, intensity=0.60
2025-11-15 19:07:42,507 [INFO] Generated directive: scene=maintain, intensity=0.60
2025-11-15 19:07:42,609 [INFO] Generated directive: scene=maintain, intensity=0.60
2025-11-15 19:07:42,711 [INFO] Generated directive: scene=maintain, intensity=0.60
2025-11-15 19:07:42,812 [INFO] Generated directive: scene=maintain, intensity=0.60
2025-11-15 19:07:42,914 [INFO] Generated directive: scene=maintain, intensity=0.60
2025-11-15 19:07:43,015 [INFO] Generated directive: scene=maintain, intensity=0.60
2025-11-15 19:07:43,117 [INFO] Generated directive: scene=maintain, intensity=0.60
2025-11-15 19:07:43,219 [INFO] Generated directive: scene=maintain, intensity=0.60
2025-11-15 19:07:43,320 [INFO] Generated directive: scene=maintain, intensity=0.60
2025-11-15 19:07:43,421 [INFO] Generated directive: scene=maintain, intensity=0.60
2025-11-15 19:07:43,522 [INFO] Generated directive: scene=maintain, intensity=0.60
2025-11-15 19:07:43,623 [INFO] Generated directive: scene=maintain, intensity=0.60
2025-11-15 19:07:43,724 [INFO] Generated directive: scene=maintain, intensity=0.60
2025-11-15 19:07:43,826 [INFO] Generated directive: scene=maintain, intensity=0.60
2025-11-15 19:07:43,928 [INFO] Generated directive: scene=maintain, intensity=0.60
2025-11-15 19:07:44,029 [INFO] Generated directive: scene=maintain, intensity=0.60
2025-11-15 19:07:44,130 [INFO] Generated directive: scene=maintain, intensity=0.60
2025-11-15 19:07:44,232 [INFO] Generated directive: scene=maintain, intensity=0.60
2025-11-15 19:07:44,333 [INFO] Generated directive: scene=maintain, intensity=0.60
2025-11-15 19:07:44,435 [INFO] Generated directive: scene=maintain, intensity=0.60
2025-11-15 19:07:44,536 [INFO] Generated directive: scene=maintain, intensity=0.60
2025-11-15 19:07:44,638 [INFO] Generated directive: scene=maintain, intensity=0.60
2025-11-15 19:07:44,740 [INFO] Generated directive: scene=maintain, intensity=0.60
2025-11-15 19:07:44,843 [INFO] Generated directive: scene=maintain, intensity=0.60
2025-11-15 19:07:44,944 [INFO] Generated directive: scene=maintain, intensity=0.60
2025-11-15 19:07:45,046 [INFO] Generated directive: scene=maintain, intensity=0.60
2025-11-15 19:07:45,147 [INFO] Generated directive: scene=maintain, intensity=0.60
2025-11-15 19:07:45,248 [INFO] Generated directive: scene=maintain, intensity=0.60
2025-11-15 19:07:45,350 [INFO] Generated directive: scene=maintain, intensity=0.60
2025-11-15 19:07:45,451 [INFO] Generated directive: scene=maintain, intensity=0.60
2025-11-15 19:07:45,553 [INFO] Generated directive: scene=maintain, intensity=0.60
2025-11-15 19:07:45,655 [INFO] Generated directive: scene=maintain, intensity=0.60
2025-11-15 19:07:45,757 [INFO] Generated directive: scene=maintain, intensity=0.60
2025-11-15 19:07:45,859 [INFO] Generated directive: scene=maintain, intensity=0.60
2025-11-15 19:07:45,960 [INFO] Generated directive: scene=maintain, intensity=0.60
2025-11-15 19:07:46,061 [INFO] Generated directive: scene=maintain, intensity=0.60
2025-11-15 19:07:46,163 [INFO] Generated directive: scene=maintain, intensity=0.60
2025-11-15 19:07:46,265 [INFO] Generated directive: scene=maintain, intensity=0.60
2025-11-15 19:07:46,366 [INFO] Generated directive: scene=maintain, intensity=0.60
2025-11-15 19:07:46,468 [INFO] Generated directive: scene=maintain, intensity=0.60
2025-11-15 19:07:46,569 [INFO] Generated directive: scene=maintain, intensity=0.60
2025-11-15 19:07:46,670 [INFO] Generated directive: scene=maintain, intensity=0.60
2025-11-15 19:07:46,772 [INFO] Generated directive: scene=maintain, intensity=0.60
2025-11-15 19:07:46,873 [INFO] Generated directive: scene=maintain, intensity=0.60
2025-11-15 19:07:46,975 [INFO] Generated directive: scene=maintain, intensity=0.60
2025-11-15 19:07:47,076 [INFO] Generated directive: scene=maintain, intensity=0.60
2025-11-15 19:07:47,178 [INFO] Generated directive: scene=maintain, intensity=0.60
2025-11-15 19:07:47,280 [INFO] Generated directive: scene=maintain, intensity=0.60
2025-11-15 19:07:47,382 [INFO] Generated directive: scene=maintain, intensity=0.60
2025-11-15 19:07:47,483 [INFO] Generated directive: scene=maintain, intensity=0.60
2025-11-15 19:07:47,584 [INFO] Generated directive: scene=maintain, intensity=0.60
2025-11-15 19:07:47,686 [INFO] Generated directive: scene=maintain, intensity=0.60
2025-11-15 19:07:47,788 [INFO] Generated directive: scene=maintain, intensity=0.60
2025-11-15 19:07:47,889 [INFO] Generated directive: scene=maintain, intensity=0.60
2025-11-15 19:07:47,990 [INFO] Generated directive: scene=maintain, intensity=0.60
2025-11-15 19:07:48,091 [INFO] Generated directive: scene=maintain, intensity=0.60
2025-11-15 19:07:48,193 [INFO] Generated directive: scene=maintain, intensity=0.60
2025-11-15 19:07:48,294 [INFO] Generated directive: scene=maintain, intensity=0.60
2025-11-15 19:07:48,395 [INFO] Generated directive: scene=maintain, intensity=0.60
2025-11-15 19:07:48,496 [INFO] Generated directive: scene=maintain, intensity=0.60
2025-11-15 19:07:48,597 [INFO] Generated directive: scene=maintain, intensity=0.60
2025-11-15 19:07:48,698 [INFO] Generated directive: scene=maintain, intensity=0.60
2025-11-15 19:07:48,799 [INFO] Generated directive: scene=maintain, intensity=0.60
2025-11-15 19:07:48,899 [INFO] Generated directive: scene=maintain, intensity=0.60
2025-11-15 19:07:49,001 [INFO] Generated directive: scene=maintain, intensity=0.60
2025-11-15 19:07:49,101 [INFO] Generated directive: scene=maintain, intensity=0.60
2025-11-15 19:07:49,203 [INFO] Generated directive: scene=maintain, intensity=0.60
2025-11-15 19:07:49,303 [INFO] Generated directive: scene=maintain, intensity=0.60
2025-11-15 19:07:49,405 [INFO] Generated directive: scene=maintain, intensity=0.60
2025-11-15 19:07:49,506 [INFO] Generated directive: scene=maintain, intensity=0.60
2025-11-15 19:07:49,607 [INFO] Generated directive: scene=maintain, intensity=0.60
2025-11-15 19:07:49,708 [INFO] Generated directive: scene=maintain, intensity=0.60
2025-11-15 19:07:49,809 [INFO] Generated directive: scene=maintain, intensity=0.60
2025-11-15 19:07:49,910 [INFO] Generated directive: scene=maintain, intensity=0.60
2025-11-15 19:07:50,012 [INFO] Generated directive: scene=maintain, intensity=0.60
2025-11-15 19:07:50,113 [INFO] Generated directive: scene=maintain, intensity=0.60
2025-11-15 19:07:50,214 [INFO] Generated directive: scene=maintain, intensity=0.60
2025-11-15 19:07:50,315 [INFO] Generated directive: scene=maintain, intensity=0.60
2025-11-15 19:07:50,416 [INFO] Generated directive: scene=maintain, intensity=0.60
2025-11-15 19:07:50,518 [INFO] Generated directive: scene=maintain, intensity=0.60
2025-11-15 19:07:50,619 [INFO] Generated directive: scene=maintain, intensity=0.60
2025-11-15 19:07:50,720 [INFO] Generated directive: scene=maintain, intensity=0.60
2025-11-15 19:07:50,822 [INFO] Generated directive: scene=maintain, intensity=0.60
2025-11-15 19:07:50,923 [INFO] Generated directive: scene=maintain, intensity=0.60
2025-11-15 19:07:51,024 [INFO] Generated directive: scene=maintain, intensity=0.60
2025-11-15 19:07:51,126 [INFO] Generated directive: scene=maintain, intensity=0.60
2025-11-15 19:07:51,228 [INFO] Generated directive: scene=maintain, intensity=0.60
2025-11-15 19:07:51,329 [INFO] Generated directive: scene=maintain, intensity=0.60
2025-11-15 19:07:51,431 [INFO] Generated directive: scene=maintain, intensity=0.60
2025-11-15 19:07:51,532 [INFO] Generated directive: scene=maintain, intensity=0.60
2025-11-15 19:07:51,632 [INFO] Generated directive: scene=maintain, intensity=0.60
2025-11-15 19:07:51,734 [INFO] Generated directive: scene=maintain, intensity=0.60
2025-11-15 19:07:51,835 [INFO] Generated directive: scene=maintain, intensity=0.60
2025-11-15 19:07:51,937 [INFO] Generated directive: scene=maintain, intensity=0.60
2025-11-15 19:07:52,038 [INFO] Generated directive: scene=maintain, intensity=0.60
2025-11-15 19:07:52,140 [INFO] Generated directive: scene=maintain, intensity=0.60
2025-11-15 19:07:52,241 [INFO] Generated directive: scene=maintain, intensity=0.60
2025-11-15 19:07:52,342 [INFO] Generated directive: scene=maintain, intensity=0.60
2025-11-15 19:07:52,447 [INFO] Generated directive: scene=maintain, intensity=0.60
2025-11-15 19:07:52,551 [INFO] Generated directive: scene=maintain, intensity=0.60
2025-11-15 19:07:52,652 [INFO] Generated directive: scene=maintain, intensity=0.60
2025-11-15 19:07:52,754 [INFO] Generated directive: scene=maintain, intensity=0.60
2025-11-15 19:07:52,855 [INFO] Generated directive: scene=maintain, intensity=0.60
2025-11-15 19:07:52,957 [INFO] Generated directive: scene=maintain, intensity=0.60
2025-11-15 19:07:53,060 [INFO] Generated directive: scene=maintain, intensity=0.60
2025-11-15 19:07:53,161 [INFO] Generated directive: scene=maintain, intensity=0.60
2025-11-15 19:07:53,263 [INFO] Generated directive: scene=maintain, intensity=0.60
2025-11-15 19:07:53,364 [INFO] Generated directive: scene=maintain, intensity=0.60
2025-11-15 19:07:53,466 [INFO] Generated directive: scene=maintain, intensity=0.60
2025-11-15 19:07:53,568 [INFO] Generated directive: scene=maintain, intensity=0.60
2025-11-15 19:07:53,670 [INFO] Generated directive: scene=maintain, intensity=0.60
2025-11-15 19:07:53,771 [INFO] Generated directive: scene=maintain, intensity=0.60
2025-11-15 19:07:53,872 [INFO] Generated directive: scene=maintain, intensity=0.60
2025-11-15 19:07:53,975 [INFO] Generated directive: scene=maintain, intensity=0.60
2025-11-15 19:07:54,077 [INFO] Generated directive: scene=maintain, intensity=0.60
2025-11-15 19:07:54,178 [INFO] Generated directive: scene=maintain, intensity=0.60
2025-11-15 19:07:54,280 [INFO] Generated directive: scene=maintain, intensity=0.60
2025-11-15 19:07:54,382 [INFO] Generated directive: scene=maintain, intensity=0.60
2025-11-15 19:07:54,484 [INFO] Generated directive: scene=maintain, intensity=0.60
2025-11-15 19:07:54,588 [INFO] Generated directive: scene=maintain, intensity=0.60
2025-11-15 19:07:54,690 [INFO] Generated directive: scene=maintain, intensity=0.60
2025-11-15 19:07:54,791 [INFO] Generated directive: scene=maintain, intensity=0.60
2025-11-15 19:07:54,892 [INFO] Generated directive: scene=maintain, intensity=0.60
2025-11-15 19:07:54,994 [INFO] Generated directive: scene=maintain, intensity=0.60
2025-11-15 19:07:55,096 [INFO] Generated directive: scene=maintain, intensity=0.60
2025-11-15 19:07:55,197 [INFO] Generated directive: scene=maintain, intensity=0.60
2025-11-15 19:07:55,300 [INFO] Generated directive: scene=maintain, intensity=0.60
2025-11-15 19:07:55,401 [INFO] Generated directive: scene=maintain, intensity=0.60
2025-11-15 19:07:55,503 [INFO] Generated directive: scene=maintain, intensity=0.60
2025-11-15 19:07:55,605 [INFO] Generated directive: scene=maintain, intensity=0.60
2025-11-15 19:07:55,706 [INFO] Generated directive: scene=maintain, intensity=0.60
2025-11-15 19:07:55,809 [INFO] Client disconnected ('127.0.0.1', 64506)
2025-11-15 19:09:38,287 [INFO] Starting PROJECT NEON-GLYPH Director Daemon
2025-11-15 19:09:38,287 [INFO] Golden Rule: No placeholders, no mocks, no fake data - only real logic
2025-11-15 19:09:38,290 [INFO] Director Daemon started on localhost:9999
2025-11-15 19:12:23,960 [INFO] Client connected from ('127.0.0.1', 50451)
2025-11-15 19:12:23,961 [INFO] Handling client ('127.0.0.1', 50451)
2025-11-15 19:12:23,961 [INFO] Generated directive: scene=maintain, intensity=0.60
2025-11-15 19:12:23,999 [INFO] Generated directive: scene=maintain, intensity=0.60
2025-11-15 19:12:24,039 [INFO] Generated directive: scene=maintain, intensity=0.60
2025-11-15 19:12:24,080 [INFO] Generated directive: scene=maintain, intensity=0.60
2025-11-15 19:12:24,125 [INFO] Generated directive: scene=maintain, intensity=0.60
2025-11-15 19:12:24,162 [INFO] Generated directive: scene=maintain, intensity=0.60
2025-11-15 19:12:24,201 [INFO] Generated directive: scene=maintain, intensity=0.60
2025-11-15 19:12:24,244 [INFO] Generated directive: scene=maintain, intensity=0.60
2025-11-15 19:12:24,285 [INFO] Generated directive: scene=maintain, intensity=0.60
2025-11-15 19:12:24,325 [INFO] Generated directive: scene=maintain, intensity=0.60
2025-11-15 19:12:24,369 [INFO] Generated directive: scene=maintain, intensity=0.60
2025-11-15 19:12:24,411 [INFO] Generated directive: scene=maintain, intensity=0.60
2025-11-15 19:12:24,455 [INFO] Generated directive: scene=maintain, intensity=0.60
2025-11-15 19:12:24,496 [INFO] Generated directive: scene=maintain, intensity=0.60
2025-11-15 19:12:24,538 [INFO] Generated directive: scene=maintain, intensity=0.60
2025-11-15 19:12:24,580 [INFO] Generated directive: scene=maintain, intensity=0.60
2025-11-15 19:12:24,622 [INFO] Generated directive: scene=maintain, intensity=0.60
2025-11-15 19:12:24,664 [INFO] Generated directive: scene=maintain, intensity=0.60
2025-11-15 19:12:24,705 [INFO] Generated directive: scene=maintain, intensity=0.60
2025-11-15 19:12:24,742 [INFO] Generated directive: scene=maintain, intensity=0.60
2025-11-15 19:12:24,783 [INFO] Generated directive: scene=maintain, intensity=0.60
2025-11-15 19:12:24,824 [INFO] Generated directive: scene=maintain, intensity=0.60
2025-11-15 19:12:24,866 [INFO] Generated directive: scene=maintain, intensity=0.60
2025-11-15 19:12:24,911 [INFO] Generated directive: scene=maintain, intensity=0.60
2025-11-15 19:12:24,951 [INFO] Generated directive: scene=maintain, intensity=0.60
2025-11-15 19:12:24,990 [INFO] Generated directive: scene=maintain, intensity=0.60
2025-11-15 19:12:25,030 [INFO] Generated directive: scene=maintain, intensity=0.60
2025-11-15 19:12:25,073 [INFO] Generated directive: scene=maintain, intensity=0.60
2025-11-15 19:12:25,122 [INFO] Generated directive: scene=maintain, intensity=0.60
2025-11-15 19:12:25,161 [INFO] Generated directive: scene=maintain, intensity=0.60
2025-11-15 19:12:25,199 [INFO] Generated directive: scene=maintain, intensity=0.60
2025-11-15 19:12:25,239 [INFO] Generated directive: scene=maintain, intensity=0.60
2025-11-15 19:12:25,283 [INFO] Generated directive: scene=maintain, intensity=0.60
2025-11-15 19:12:25,324 [INFO] Generated directive: scene=maintain, intensity=0.60
2025-11-15 19:12:25,366 [INFO] Generated directive: scene=maintain, intensity=0.60
2025-11-15 19:12:25,408 [INFO] Generated directive: scene=maintain, intensity=0.60
2025-11-15 19:12:25,452 [INFO] Generated directive: scene=maintain, intensity=0.60
2025-11-15 19:12:25,493 [INFO] Generated directive: scene=maintain, intensity=0.60
2025-11-15 19:12:25,539 [INFO] Generated directive: scene=maintain, intensity=0.60
2025-11-15 19:12:25,580 [INFO] Generated directive: scene=maintain, intensity=0.60
2025-11-15 19:12:25,624 [INFO] Generated directive: scene=maintain, intensity=0.60
2025-11-15 19:12:25,667 [INFO] Generated directive: scene=maintain, intensity=0.60
2025-11-15 19:12:25,709 [INFO] Generated directive: scene=maintain, intensity=0.60
2025-11-15 19:12:25,752 [INFO] Generated directive: scene=maintain, intensity=0.60
2025-11-15 19:12:25,794 [INFO] Generated directive: scene=maintain, intensity=0.60
2025-11-15 19:12:25,835 [INFO] Generated directive: scene=maintain, intensity=0.60
2025-11-15 19:12:25,876 [INFO] Generated directive: scene=maintain, intensity=0.60
2025-11-15 19:12:25,916 [INFO] Generated directive: scene=maintain, intensity=0.60
2025-11-15 19:12:25,954 [INFO] Generated directive: scene=maintain, intensity=0.60
2025-11-15 19:12:25,991 [INFO] Generated directive: scene=maintain, intensity=0.60
2025-11-15 19:12:26,035 [INFO] Generated directive: scene=maintain, intensity=0.60
2025-11-15 19:12:26,080 [INFO] Generated directive: scene=maintain, intensity=0.60
2025-11-15 19:12:26,121 [INFO] Generated directive: scene=maintain, intensity=0.60
2025-11-15 19:12:26,163 [INFO] Generated directive: scene=maintain, intensity=0.60
2025-11-15 19:12:26,207 [INFO] Generated directive: scene=maintain, intensity=0.60
2025-11-15 19:12:26,251 [INFO] Generated directive: scene=maintain, intensity=0.60
2025-11-15 19:12:26,293 [INFO] Generated directive: scene=maintain, intensity=0.60
2025-11-15 19:12:26,334 [INFO] Generated directive: scene=maintain, intensity=0.60
2025-11-15 19:12:26,378 [INFO] Generated directive: scene=maintain, intensity=0.60
2025-11-15 19:12:26,423 [INFO] Generated directive: scene=maintain, intensity=0.60
2025-11-15 19:12:26,466 [INFO] Generated directive: scene=maintain, intensity=0.60
2025-11-15 19:12:26,509 [INFO] Generated directive: scene=maintain, intensity=0.60
2025-11-15 19:12:26,548 [INFO] Generated directive: scene=maintain, intensity=0.60
2025-11-15 19:12:26,586 [INFO] Generated directive: scene=maintain, intensity=0.60
2025-11-15 19:12:26,628 [INFO] Generated directive: scene=maintain, intensity=0.60
2025-11-15 19:12:26,672 [INFO] Generated directive: scene=maintain, intensity=0.60
2025-11-15 19:12:26,716 [INFO] Generated directive: scene=maintain, intensity=0.60
2025-11-15 19:12:26,758 [INFO] Generated directive: scene=maintain, intensity=0.60
2025-11-15 19:12:26,798 [INFO] Generated directive: scene=maintain, intensity=0.60
2025-11-15 19:12:26,840 [INFO] Generated directive: scene=maintain, intensity=0.60
2025-11-15 19:12:26,883 [INFO] Generated directive: scene=maintain, intensity=0.60
2025-11-15 19:12:26,924 [INFO] Generated directive: scene=maintain, intensity=0.60
2025-11-15 19:12:26,966 [INFO] Generated directive: scene=maintain, intensity=0.60
2025-11-15 19:12:27,007 [INFO] Generated directive: scene=maintain, intensity=0.60
2025-11-15 19:12:27,049 [INFO] Generated directive: scene=maintain, intensity=0.60
2025-11-15 19:12:27,091 [INFO] Generated directive: scene=maintain, intensity=0.60
2025-11-15 19:12:27,134 [INFO] Generated directive: scene=maintain, intensity=0.60
2025-11-15 19:12:27,176 [INFO] Generated directive: scene=maintain, intensity=0.60
2025-11-15 19:12:27,218 [INFO] Generated directive: scene=maintain, intensity=0.60
2025-11-15 19:12:27,257 [INFO] Generated directive: scene=maintain, intensity=0.60
2025-11-15 19:12:27,300 [INFO] Generated directive: scene=maintain, intensity=0.60
2025-11-15 19:12:27,340 [INFO] Generated directive: scene=maintain, intensity=0.60
2025-11-15 19:12:27,383 [INFO] Generated directive: scene=maintain, intensity=0.60
2025-11-15 19:12:27,425 [INFO] Generated directive: scene=maintain, intensity=0.60
2025-11-15 19:12:27,466 [INFO] Generated directive: scene=maintain, intensity=0.60
2025-11-15 19:12:27,507 [INFO] Generated directive: scene=maintain, intensity=0.60
2025-11-15 19:12:27,548 [INFO] Generated directive: scene=maintain, intensity=0.60
2025-11-15 19:12:27,591 [INFO] Generated directive: scene=maintain, intensity=0.60
2025-11-15 19:12:27,634 [INFO] Generated directive: scene=maintain, intensity=0.60
2025-11-15 19:12:27,674 [INFO] Generated directive: scene=maintain, intensity=0.60
2025-11-15 19:12:27,717 [INFO] Generated directive: scene=maintain, intensity=0.60
2025-11-15 19:12:27,760 [INFO] Generated directive: scene=maintain, intensity=0.60
2025-11-15 19:12:27,802 [INFO] Generated directive: scene=maintain, intensity=0.60
2025-11-15 19:12:27,844 [INFO] Generated directive: scene=maintain, intensity=0.60
2025-11-15 19:12:27,887 [INFO] Generated directive: scene=maintain, intensity=0.60
2025-11-15 19:12:27,927 [INFO] Generated directive: scene=maintain, intensity=0.60
2025-11-15 19:12:27,964 [INFO] Generated directive: scene=maintain, intensity=0.60
2025-11-15 19:12:28,007 [INFO] Generated directive: scene=maintain, intensity=0.60
2025-11-15 19:12:28,051 [INFO] Generated directive: scene=maintain, intensity=0.60
2025-11-15 19:12:28,099 [INFO] Generated directive: scene=maintain, intensity=0.60
2025-11-15 19:12:28,143 [INFO] Generated directive: scene=maintain, intensity=0.60
2025-11-15 19:12:28,187 [INFO] Generated directive: scene=maintain, intensity=0.60
2025-11-15 19:12:28,230 [INFO] Generated directive: scene=maintain, intensity=0.60
2025-11-15 19:12:28,271 [INFO] Generated directive: scene=maintain, intensity=0.60
2025-11-15 19:12:28,312 [INFO] Generated directive: scene=maintain, intensity=0.60
2025-11-15 19:12:28,357 [INFO] Generated directive: scene=maintain, intensity=0.60
2025-11-15 19:12:28,399 [INFO] Generated directive: scene=maintain, intensity=0.60
2025-11-15 19:12:28,443 [INFO] Generated directive: scene=maintain, intensity=0.60
2025-11-15 19:12:28,482 [INFO] Generated directive: scene=maintain, intensity=0.60
2025-11-15 19:12:28,524 [INFO] Generated directive: scene=maintain, intensity=0.60
2025-11-15 19:12:28,562 [INFO] Generated directive: scene=maintain, intensity=0.60
2025-11-15 19:12:28,600 [INFO] Generated directive: scene=maintain, intensity=0.60
2025-11-15 19:12:28,641 [INFO] Generated directive: scene=maintain, intensity=0.60
2025-11-15 19:12:28,683 [INFO] Generated directive: scene=maintain, intensity=0.60
2025-11-15 19:12:28,726 [INFO] Generated directive: scene=maintain, intensity=0.60
2025-11-15 19:12:28,767 [INFO] Generated directive: scene=maintain, intensity=0.60
2025-11-15 19:12:28,805 [INFO] Generated directive: scene=maintain, intensity=0.60
2025-11-15 19:12:28,846 [INFO] Generated directive: scene=maintain, intensity=0.60
2025-11-15 19:12:28,887 [INFO] Generated directive: scene=maintain, intensity=0.60
2025-11-15 19:12:28,930 [INFO] Generated directive: scene=maintain, intensity=0.60
2025-11-15 19:12:28,967 [INFO] Generated directive: scene=maintain, intensity=0.60
2025-11-15 19:12:29,013 [INFO] Generated directive: scene=maintain, intensity=0.60
2025-11-15 19:12:29,055 [INFO] Generated directive: scene=maintain, intensity=0.60
2025-11-15 19:12:29,096 [INFO] Generated directive: scene=maintain, intensity=0.60
2025-11-15 19:12:29,138 [INFO] Generated directive: scene=maintain, intensity=0.60
2025-11-15 19:12:29,183 [INFO] Generated directive: scene=maintain, intensity=0.60
2025-11-15 19:12:29,226 [INFO] Generated directive: scene=maintain, intensity=0.60
2025-11-15 19:12:29,265 [INFO] Generated directive: scene=maintain, intensity=0.60
2025-11-15 19:12:29,308 [INFO] Generated directive: scene=maintain, intensity=0.60
2025-11-15 19:12:29,351 [INFO] Generated directive: scene=maintain, intensity=0.60
2025-11-15 19:12:29,393 [INFO] Generated directive: scene=maintain, intensity=0.60
2025-11-15 19:12:29,439 [INFO] Generated directive: scene=maintain, intensity=0.60
2025-11-15 19:12:29,482 [INFO] Generated directive: scene=maintain, intensity=0.60
2025-11-15 19:12:29,523 [INFO] Generated directive: scene=maintain, intensity=0.60
2025-11-15 19:12:29,564 [INFO] Generated directive: scene=maintain, intensity=0.60
2025-11-15 19:12:29,602 [INFO] Generated directive: scene=maintain, intensity=0.60
2025-11-15 19:12:29,643 [INFO] Generated directive: scene=maintain, intensity=0.60
2025-11-15 19:12:29,687 [INFO] Generated directive: scene=maintain, intensity=0.60
2025-11-15 19:12:29,729 [INFO] Generated directive: scene=maintain, intensity=0.60
2025-11-15 19:12:29,772 [INFO] Generated directive: scene=maintain, intensity=0.60
2025-11-15 19:12:29,810 [INFO] Generated directive: scene=maintain, intensity=0.60
2025-11-15 19:12:29,850 [INFO] Generated directive: scene=maintain, intensity=0.60
2025-11-15 19:12:29,892 [INFO] Generated directive: scene=maintain, intensity=0.60
2025-11-15 19:12:29,936 [INFO] Generated directive: scene=maintain, intensity=0.60
2025-11-15 19:12:29,973 [INFO] Generated directive: scene=maintain, intensity=0.60
2025-11-15 19:12:30,012 [INFO] Generated directive: scene=maintain, intensity=0.60
2025-11-15 19:12:30,053 [INFO] Generated directive: scene=maintain, intensity=0.60
2025-11-15 19:12:30,097 [INFO] Generated directive: scene=maintain, intensity=0.60
2025-11-15 19:12:30,141 [INFO] Generated directive: scene=maintain, intensity=0.60
2025-11-15 19:12:30,182 [INFO] Generated directive: scene=maintain, intensity=0.60
2025-11-15 19:12:30,223 [INFO] Generated directive: scene=maintain, intensity=0.60
2025-11-15 19:12:30,264 [INFO] Generated directive: scene=maintain, intensity=0.60
2025-11-15 19:12:30,307 [INFO] Generated directive: scene=maintain, intensity=0.60
2025-11-15 19:12:30,347 [INFO] Generated directive: scene=maintain, intensity=0.60
2025-11-15 19:12:30,389 [INFO] Generated directive: scene=maintain, intensity=0.60
2025-11-15 19:12:30,431 [INFO] Generated directive: scene=maintain, intensity=0.60
2025-11-15 19:12:30,474 [INFO] Generated directive: scene=maintain, intensity=0.60
2025-11-15 19:12:30,513 [INFO] Generated directive: scene=maintain, intensity=0.60
2025-11-15 19:12:30,551 [INFO] Generated directive: scene=maintain, intensity=0.60
2025-11-15 19:12:30,594 [INFO] Generated directive: scene=maintain, intensity=0.60
2025-11-15 19:12:30,634 [INFO] Generated directive: scene=maintain, intensity=0.60
2025-11-15 19:12:30,677 [INFO] Generated directive: scene=maintain, intensity=0.60
2025-11-15 19:12:30,718 [INFO] Generated directive: scene=maintain, intensity=0.60
2025-11-15 19:12:30,755 [INFO] Generated directive: scene=maintain, intensity=0.60
2025-11-15 19:12:30,799 [INFO] Generated directive: scene=maintain, intensity=0.60
2025-11-15 19:12:30,840 [INFO] Generated directive: scene=maintain, intensity=0.60
2025-11-15 19:12:30,878 [INFO] Generated directive: scene=maintain, intensity=0.60
2025-11-15 19:12:30,916 [INFO] Generated directive: scene=maintain, intensity=0.60
2025-11-15 19:12:30,955 [INFO] Generated directive: scene=maintain, intensity=0.60
2025-11-15 19:12:30,992 [INFO] Generated directive: scene=maintain, intensity=0.60
2025-11-15 19:12:31,033 [INFO] Generated directive: scene=maintain, intensity=0.60
2025-11-15 19:12:31,073 [INFO] Generated directive: scene=maintain, intensity=0.60
2025-11-15 19:12:31,116 [INFO] Generated directive: scene=maintain, intensity=0.60
2025-11-15 19:12:31,153 [INFO] Generated directive: scene=maintain, intensity=0.60
2025-11-15 19:12:31,194 [INFO] Generated directive: scene=maintain, intensity=0.60
2025-11-15 19:12:31,231 [INFO] Generated directive: scene=maintain, intensity=0.60
2025-11-15 19:12:31,269 [INFO] Generated directive: scene=maintain, intensity=0.60
2025-11-15 19:12:31,307 [INFO] Generated directive: scene=maintain, intensity=0.60
2025-11-15 19:12:31,344 [INFO] Generated directive: scene=maintain, intensity=0.60
2025-11-15 19:12:31,388 [INFO] Generated directive: scene=maintain, intensity=0.60
2025-11-15 19:12:31,430 [INFO] Generated directive: scene=maintain, intensity=0.60
2025-11-15 19:12:31,471 [INFO] Generated directive: scene=maintain, intensity=0.60
2025-11-15 19:12:31,509 [INFO] Generated directive: scene=maintain, intensity=0.60
2025-11-15 19:12:31,548 [INFO] Generated directive: scene=maintain, intensity=0.60
2025-11-15 19:12:31,588 [INFO] Generated directive: scene=maintain, intensity=0.60
2025-11-15 19:12:31,626 [INFO] Generated directive: scene=maintain, intensity=0.60
2025-11-15 19:12:31,663 [INFO] Generated directive: scene=maintain, intensity=0.60
2025-11-15 19:12:31,701 [INFO] Generated directive: scene=maintain, intensity=0.60
2025-11-15 19:12:31,742 [INFO] Generated directive: scene=maintain, intensity=0.60
2025-11-15 19:12:31,780 [INFO] Generated directive: scene=maintain, intensity=0.60
2025-11-15 19:12:31,818 [INFO] Generated directive: scene=maintain, intensity=0.60
2025-11-15 19:12:31,856 [INFO] Generated directive: scene=maintain, intensity=0.60
2025-11-15 19:12:31,896 [INFO] Generated directive: scene=maintain, intensity=0.60
2025-11-15 19:12:31,934 [INFO] Generated directive: scene=maintain, intensity=0.60
2025-11-15 19:12:31,973 [INFO] Generated directive: scene=maintain, intensity=0.60
2025-11-15 19:12:32,012 [INFO] Generated directive: scene=maintain, intensity=0.60
2025-11-15 19:12:32,054 [INFO] Generated directive: scene=maintain, intensity=0.60
2025-11-15 19:12:32,091 [INFO] Generated directive: scene=maintain, intensity=0.60
2025-11-15 19:12:32,130 [INFO] Generated directive: scene=maintain, intensity=0.60
2025-11-15 19:12:32,168 [INFO] Generated directive: scene=maintain, intensity=0.60
2025-11-15 19:12:32,209 [INFO] Generated directive: scene=maintain, intensity=0.60
2025-11-15 19:12:32,252 [INFO] Generated directive: scene=maintain, intensity=0.60
2025-11-15 19:12:32,294 [INFO] Generated directive: scene=maintain, intensity=0.60
2025-11-15 19:12:32,333 [INFO] Generated directive: scene=maintain, intensity=0.60
2025-11-15 19:12:32,371 [INFO] Generated directive: scene=maintain, intensity=0.60
2025-11-15 19:12:32,413 [INFO] Generated directive: scene=maintain, intensity=0.60
2025-11-15 19:12:32,456 [INFO] Generated directive: scene=maintain, intensity=0.60
2025-11-15 19:12:32,493 [INFO] Generated directive: scene=maintain, intensity=0.60
2025-11-15 19:12:32,542 [INFO] Generated directive: scene=maintain, intensity=0.60
2025-11-15 19:12:32,585 [INFO] Generated directive: scene=maintain, intensity=0.60
2025-11-15 19:12:32,628 [INFO] Generated directive: scene=maintain, intensity=0.60
2025-11-15 19:12:32,667 [INFO] Generated directive: scene=maintain, intensity=0.60
2025-11-15 19:12:32,708 [INFO] Generated directive: scene=maintain, intensity=0.60
2025-11-15 19:12:32,751 [INFO] Generated directive: scene=maintain, intensity=0.60
2025-11-15 19:12:32,791 [INFO] Generated directive: scene=maintain, intensity=0.60
2025-11-15 19:12:32,833 [INFO] Generated directive: scene=maintain, intensity=0.60
2025-11-15 19:12:32,873 [INFO] Generated directive: scene=maintain, intensity=0.60
2025-11-15 19:12:32,916 [INFO] Generated directive: scene=maintain, intensity=0.60
2025-11-15 19:12:32,956 [INFO] Generated directive: scene=maintain, intensity=0.60
2025-11-15 19:12:32,994 [INFO] Generated directive: scene=maintain, intensity=0.60
2025-11-15 19:12:33,038 [INFO] Generated directive: scene=maintain, intensity=0.60
2025-11-15 19:12:33,076 [INFO] Generated directive: scene=maintain, intensity=0.60
2025-11-15 19:12:33,115 [INFO] Generated directive: scene=maintain, intensity=0.60
2025-11-15 19:12:33,158 [INFO] Generated directive: scene=maintain, intensity=0.60
2025-11-15 19:12:33,196 [INFO] Generated directive: scene=maintain, intensity=0.60
2025-11-15 19:12:33,239 [INFO] Generated directive: scene=maintain, intensity=0.60
2025-11-15 19:12:33,280 [INFO] Generated directive: scene=maintain, intensity=0.60
2025-11-15 19:12:33,318 [INFO] Generated directive: scene=maintain, intensity=0.60
2025-11-15 19:12:33,361 [INFO] Generated directive: scene=maintain, intensity=0.60
2025-11-15 19:12:33,405 [INFO] Generated directive: scene=maintain, intensity=0.60
2025-11-15 19:12:33,449 [INFO] Generated directive: scene=maintain, intensity=0.60
2025-11-15 19:12:33,487 [INFO] Generated directive: scene=maintain, intensity=0.60
2025-11-15 19:12:33,530 [INFO] Generated directive: scene=maintain, intensity=0.60
2025-11-15 19:12:33,571 [INFO] Generated directive: scene=maintain, intensity=0.60
2025-11-15 19:12:33,611 [INFO] Generated directive: scene=maintain, intensity=0.60
2025-11-15 19:12:33,651 [INFO] Generated directive: scene=maintain, intensity=0.60
2025-11-15 19:12:33,689 [INFO] Generated directive: scene=maintain, intensity=0.60
2025-11-15 19:12:33,733 [INFO] Generated directive: scene=maintain, intensity=0.60
2025-11-15 19:12:33,776 [INFO] Generated directive: scene=maintain, intensity=0.60
2025-11-15 19:12:33,818 [INFO] Generated directive: scene=maintain, intensity=0.60
2025-11-15 19:12:33,862 [INFO] Generated directive: scene=maintain, intensity=0.60
2025-11-15 19:12:33,902 [INFO] Generated directive: scene=maintain, intensity=0.60
2025-11-15 19:12:33,939 [INFO] Generated directive: scene=maintain, intensity=0.60
2025-11-15 19:12:33,975 [INFO] Generated directive: scene=maintain, intensity=0.60
2025-11-15 19:12:34,012 [INFO] Generated directive: scene=maintain, intensity=0.60
2025-11-15 19:12:34,059 [INFO] Generated directive: scene=maintain, intensity=0.60
2025-11-15 19:12:34,104 [INFO] Generated directive: scene=maintain, intensity=0.60
2025-11-15 19:12:34,147 [INFO] Generated directive: scene=maintain, intensity=0.60
2025-11-15 19:12:34,188 [INFO] Generated directive: scene=maintain, intensity=0.60
2025-11-15 19:12:34,232 [INFO] Generated directive: scene=maintain, intensity=0.60
2025-11-15 19:12:34,270 [INFO] Generated directive: scene=maintain, intensity=0.60
2025-11-15 19:12:34,310 [INFO] Generated directive: scene=maintain, intensity=0.60
2025-11-15 19:12:34,352 [INFO] Generated directive: scene=maintain, intensity=0.60
2025-11-15 19:12:34,390 [INFO] Generated directive: scene=maintain, intensity=0.60
2025-11-15 19:12:34,437 [INFO] Generated directive: scene=maintain, intensity=0.60
2025-11-15 19:12:34,479 [INFO] Generated directive: scene=maintain, intensity=0.60
2025-11-15 19:12:34,524 [INFO] Generated directive: scene=maintain, intensity=0.60
2025-11-15 19:12:34,565 [INFO] Generated directive: scene=maintain, intensity=0.60
2025-11-15 19:12:34,607 [INFO] Generated directive: scene=maintain, intensity=0.60
2025-11-15 19:12:34,652 [INFO] Generated directive: scene=maintain, intensity=0.60
2025-11-15 19:12:34,694 [INFO] Generated directive: scene=maintain, intensity=0.60
2025-11-15 19:12:34,737 [INFO] Generated directive: scene=maintain, intensity=0.60
2025-11-15 19:12:34,776 [INFO] Generated directive: scene=maintain, intensity=0.60
2025-11-15 19:12:34,820 [INFO] Generated directive: scene=maintain, intensity=0.60
2025-11-15 19:12:34,860 [INFO] Generated directive: scene=maintain, intensity=0.60
2025-11-15 19:12:34,899 [INFO] Generated directive: scene=maintain, intensity=0.60
2025-11-15 19:12:34,943 [INFO] Generated directive: scene=maintain, intensity=0.60
2025-11-15 19:12:34,982 [INFO] Generated directive: scene=maintain, intensity=0.60
2025-11-15 19:12:35,022 [INFO] Generated directive: scene=maintain, intensity=0.60
2025-11-15 19:12:35,064 [INFO] Generated directive: scene=maintain, intensity=0.60
2025-11-15 19:12:35,104 [INFO] Generated directive: scene=maintain, intensity=0.60
2025-11-15 19:12:35,145 [INFO] Generated directive: scene=maintain, intensity=0.60
2025-11-15 19:12:35,187 [INFO] Generated directive: scene=maintain, intensity=0.60
2025-11-15 19:12:35,227 [INFO] Generated directive: scene=maintain, intensity=0.60
2025-11-15 19:12:35,267 [INFO] Generated directive: scene=maintain, intensity=0.60
2025-11-15 19:12:35,311 [INFO] Generated directive: scene=maintain, intensity=0.60
2025-11-15 19:12:35,356 [INFO] Generated directive: scene=maintain, intensity=0.60
2025-11-15 19:12:35,397 [INFO] Generated directive: scene=maintain, intensity=0.60
2025-11-15 19:12:35,434 [INFO] Generated directive: scene=maintain, intensity=0.60
2025-11-15 19:12:35,476 [INFO] Generated directive: scene=maintain, intensity=0.60
2025-11-15 19:12:35,515 [INFO] Generated directive: scene=maintain, intensity=0.60
2025-11-15 19:12:35,556 [INFO] Generated directive: scene=maintain, intensity=0.60
2025-11-15 19:12:35,593 [INFO] Generated directive: scene=maintain, intensity=0.60
2025-11-15 19:12:35,634 [INFO] Generated directive: scene=maintain, intensity=0.60
2025-11-15 19:12:35,677 [INFO] Generated directive: scene=maintain, intensity=0.60
2025-11-15 19:12:35,717 [INFO] Generated directive: scene=maintain, intensity=0.60
2025-11-15 19:12:35,759 [INFO] Generated directive: scene=maintain, intensity=0.60
2025-11-15 19:12:35,800 [INFO] Generated directive: scene=maintain, intensity=0.60
2025-11-15 19:12:35,840 [INFO] Generated directive: scene=maintain, intensity=0.60
2025-11-15 19:12:35,883 [INFO] Generated directive: scene=maintain, intensity=0.60
2025-11-15 19:12:35,924 [INFO] Generated directive: scene=maintain, intensity=0.60
2025-11-15 19:12:35,974 [INFO] Generated directive: scene=maintain, intensity=0.60
2025-11-15 19:12:36,013 [INFO] Generated directive: scene=maintain, intensity=0.60
2025-11-15 19:12:36,053 [INFO] Generated directive: scene=maintain, intensity=0.60
2025-11-15 19:12:36,094 [INFO] Generated directive: scene=maintain, intensity=0.60
2025-11-15 19:12:36,137 [INFO] Generated directive: scene=maintain, intensity=0.60
2025-11-15 19:12:36,184 [INFO] Generated directive: scene=maintain, intensity=0.60
2025-11-15 19:12:36,225 [INFO] Generated directive: scene=maintain, intensity=0.60
2025-11-15 19:12:36,267 [INFO] Generated directive: scene=maintain, intensity=0.60
2025-11-15 19:12:36,309 [INFO] Generated directive: scene=maintain, intensity=0.60
2025-11-15 19:12:36,357 [INFO] Generated directive: scene=maintain, intensity=0.60
2025-11-15 19:12:36,396 [INFO] Generated directive: scene=maintain, intensity=0.60
2025-11-15 19:12:36,440 [INFO] Generated directive: scene=maintain, intensity=0.60
2025-11-15 19:12:36,476 [INFO] Generated directive: scene=maintain, intensity=0.60
2025-11-15 19:12:36,519 [INFO] Generated directive: scene=maintain, intensity=0.60
2025-11-15 19:12:36,558 [INFO] Generated directive: scene=maintain, intensity=0.60
2025-11-15 19:12:36,597 [INFO] Generated directive: scene=maintain, intensity=0.60
2025-11-15 19:12:36,640 [INFO] Generated directive: scene=maintain, intensity=0.60
2025-11-15 19:12:36,681 [INFO] Generated directive: scene=maintain, intensity=0.60
2025-11-15 19:12:36,726 [INFO] Generated directive: scene=maintain, intensity=0.60
2025-11-15 19:12:36,766 [INFO] Generated directive: scene=maintain, intensity=0.60
2025-11-15 19:12:36,808 [INFO] Generated directive: scene=maintain, intensity=0.60
2025-11-15 19:12:36,850 [INFO] Generated directive: scene=maintain, intensity=0.60
2025-11-15 19:12:36,892 [INFO] Generated directive: scene=maintain, intensity=0.60
2025-11-15 19:12:36,935 [INFO] Generated directive: scene=maintain, intensity=0.60
2025-11-15 19:12:36,980 [INFO] Generated directive: scene=maintain, intensity=0.60
2025-11-15 19:12:37,021 [INFO] Generated directive: scene=maintain, intensity=0.60
2025-11-15 19:12:37,064 [INFO] Generated directive: scene=maintain, intensity=0.60
2025-11-15 19:12:37,110 [INFO] Generated directive: scene=maintain, intensity=0.60
2025-11-15 19:12:37,148 [INFO] Generated directive: scene=maintain, intensity=0.60
2025-11-15 19:12:37,191 [INFO] Generated directive: scene=maintain, intensity=0.60
2025-11-15 19:12:37,236 [INFO] Generated directive: scene=maintain, intensity=0.60
2025-11-15 19:12:37,279 [INFO] Generated directive: scene=maintain, intensity=0.60
2025-11-15 19:12:37,320 [INFO] Generated directive: scene=maintain, intensity=0.60
2025-11-15 19:12:37,363 [INFO] Generated directive: scene=maintain, intensity=0.60
2025-11-15 19:12:37,405 [INFO] Generated directive: scene=maintain, intensity=0.60
2025-11-15 19:12:37,444 [INFO] Generated directive: scene=maintain, intensity=0.60
2025-11-15 19:12:37,491 [INFO] Generated directive: scene=maintain, intensity=0.60
2025-11-15 19:12:37,533 [INFO] Generated directive: scene=maintain, intensity=0.60
2025-11-15 19:12:37,576 [INFO] Generated directive: scene=maintain, intensity=0.60
2025-11-15 19:12:37,620 [INFO] Generated directive: scene=maintain, intensity=0.60
2025-11-15 19:12:37,663 [INFO] Generated directive: scene=maintain, intensity=0.60
2025-11-15 19:12:37,701 [INFO] Generated directive: scene=maintain, intensity=0.60
2025-11-15 19:12:37,741 [INFO] Generated directive: scene=maintain, intensity=0.60
2025-11-15 19:12:37,782 [INFO] Generated directive: scene=maintain, intensity=0.60
2025-11-15 19:12:37,826 [INFO] Generated directive: scene=maintain, intensity=0.60
2025-11-15 19:12:37,869 [INFO] Generated directive: scene=maintain, intensity=0.60
2025-11-15 19:12:37,907 [INFO] Generated directive: scene=maintain, intensity=0.60
2025-11-15 19:12:37,947 [INFO] Generated directive: scene=maintain, intensity=0.60
2025-11-15 19:12:37,985 [INFO] Generated directive: scene=maintain, intensity=0.60
2025-11-15 19:12:38,026 [INFO] Generated directive: scene=maintain, intensity=0.60
2025-11-15 19:12:38,071 [INFO] Generated directive: scene=maintain, intensity=0.60
2025-11-15 19:12:38,116 [INFO] Generated directive: scene=maintain, intensity=0.60
2025-11-15 19:12:38,161 [INFO] Generated directive: scene=maintain, intensity=0.60
2025-11-15 19:12:38,202 [INFO] Generated directive: scene=maintain, intensity=0.60
2025-11-15 19:12:38,247 [INFO] Generated directive: scene=maintain, intensity=0.60
2025-11-15 19:12:38,286 [INFO] Generated directive: scene=maintain, intensity=0.60
2025-11-15 19:12:38,329 [INFO] Generated directive: scene=maintain, intensity=0.60
2025-11-15 19:12:38,373 [INFO] Generated directive: scene=maintain, intensity=0.60
2025-11-15 19:12:38,413 [INFO] Generated directive: scene=maintain, intensity=0.60
2025-11-15 19:12:38,451 [INFO] Generated directive: scene=maintain, intensity=0.60
2025-11-15 19:12:38,493 [INFO] Generated directive: scene=maintain, intensity=0.60
2025-11-15 19:12:38,536 [INFO] Generated directive: scene=maintain, intensity=0.60
2025-11-15 19:12:38,578 [INFO] Generated directive: scene=maintain, intensity=0.60
2025-11-15 19:12:38,618 [INFO] Generated directive: scene=maintain, intensity=0.60
2025-11-15 19:12:38,656 [INFO] Generated directive: scene=maintain, intensity=0.60
2025-11-15 19:12:38,693 [INFO] Generated directive: scene=maintain, intensity=0.60
2025-11-15 19:12:38,730 [INFO] Generated directive: scene=maintain, intensity=0.60
2025-11-15 19:12:38,769 [INFO] Generated directive: scene=maintain, intensity=0.60
2025-11-15 19:12:38,806 [INFO] Generated directive: scene=maintain, intensity=0.60
2025-11-15 19:12:38,847 [INFO] Generated directive: scene=maintain, intensity=0.60
2025-11-15 19:12:38,890 [INFO] Generated directive: scene=maintain, intensity=0.60
2025-11-15 19:12:38,927 [INFO] Generated directive: scene=maintain, intensity=0.60
2025-11-15 19:12:38,971 [INFO] Generated directive: scene=maintain, intensity=0.60
2025-11-15 19:12:39,018 [INFO] Generated directive: scene=maintain, intensity=0.60
2025-11-15 19:12:39,062 [INFO] Generated directive: scene=maintain, intensity=0.60
2025-11-15 19:12:39,105 [INFO] Generated directive: scene=maintain, intensity=0.60
2025-11-15 19:12:39,149 [INFO] Generated directive: scene=maintain, intensity=0.60
2025-11-15 19:12:39,192 [INFO] Generated directive: scene=maintain, intensity=0.60
2025-11-15 19:12:39,234 [INFO] Generated directive: scene=maintain, intensity=0.60
2025-11-15 19:12:39,280 [INFO] Generated directive: scene=maintain, intensity=0.60
2025-11-15 19:12:39,324 [INFO] Generated directive: scene=maintain, intensity=0.60
2025-11-15 19:12:39,374 [INFO] Generated directive: scene=maintain, intensity=0.60
2025-11-15 19:12:39,417 [INFO] Generated directive: scene=maintain, intensity=0.60
2025-11-15 19:12:39,455 [INFO] Generated directive: scene=maintain, intensity=0.60
2025-11-15 19:12:39,493 [INFO] Generated directive: scene=maintain, intensity=0.60
2025-11-15 19:12:39,533 [INFO] Generated directive: scene=maintain, intensity=0.60
2025-11-15 19:12:39,577 [INFO] Generated directive: scene=maintain, intensity=0.60
2025-11-15 19:12:39,619 [INFO] Generated directive: scene=maintain, intensity=0.60
2025-11-15 19:12:39,659 [INFO] Generated directive: scene=maintain, intensity=0.60
2025-11-15 19:12:39,703 [INFO] Generated directive: scene=maintain, intensity=0.60
2025-11-15 19:12:39,745 [INFO] Generated directive: scene=maintain, intensity=0.60
2025-11-15 19:12:39,786 [INFO] Generated directive: scene=maintain, intensity=0.60
2025-11-15 19:12:39,827 [INFO] Generated directive: scene=maintain, intensity=0.60
2025-11-15 19:12:39,869 [INFO] Generated directive: scene=maintain, intensity=0.60
2025-11-15 19:12:39,909 [INFO] Generated directive: scene=maintain, intensity=0.60
2025-11-15 19:12:39,949 [INFO] Generated directive: scene=maintain, intensity=0.60
2025-11-15 19:12:39,986 [INFO] Generated directive: scene=maintain, intensity=0.60
2025-11-15 19:12:40,025 [INFO] Generated directive: scene=maintain, intensity=0.60
2025-11-15 19:12:40,067 [INFO] Generated directive: scene=maintain, intensity=0.60
2025-11-15 19:12:40,110 [INFO] Generated directive: scene=maintain, intensity=0.60
2025-11-15 19:12:40,152 [INFO] Generated directive: scene=maintain, intensity=0.60
2025-11-15 19:12:40,190 [INFO] Generated directive: scene=maintain, intensity=0.60
2025-11-15 19:12:40,232 [INFO] Generated directive: scene=maintain, intensity=0.60
2025-11-15 19:12:40,276 [INFO] Generated directive: scene=maintain, intensity=0.60
2025-11-15 19:12:40,317 [INFO] Generated directive: scene=maintain, intensity=0.60
2025-11-15 19:12:40,360 [INFO] Generated directive: scene=maintain, intensity=0.60
2025-11-15 19:12:40,397 [INFO] Generated directive: scene=maintain, intensity=0.60
2025-11-15 19:12:40,438 [INFO] Generated directive: scene=maintain, intensity=0.60
2025-11-15 19:12:40,475 [INFO] Generated directive: scene=maintain, intensity=0.60
2025-11-15 19:12:40,516 [INFO] Generated directive: scene=maintain, intensity=0.60
2025-11-15 19:12:40,563 [INFO] Generated directive: scene=maintain, intensity=0.60
2025-11-15 19:12:40,606 [INFO] Generated directive: scene=maintain, intensity=0.60
2025-11-15 19:12:40,649 [INFO] Generated directive: scene=maintain, intensity=0.60
2025-11-15 19:12:40,693 [INFO] Generated directive: scene=maintain, intensity=0.60
2025-11-15 19:12:40,738 [INFO] Generated directive: scene=maintain, intensity=0.60
2025-11-15 19:12:40,790 [INFO] Generated directive: scene=maintain, intensity=0.60
2025-11-15 19:12:40,828 [INFO] Generated directive: scene=maintain, intensity=0.60
2025-11-15 19:12:40,865 [INFO] Generated directive: scene=maintain, intensity=0.60
2025-11-15 19:12:40,904 [INFO] Generated directive: scene=maintain, intensity=0.60
2025-11-15 19:12:40,951 [INFO] Generated directive: scene=maintain, intensity=0.60
2025-11-15 19:12:40,992 [INFO] Generated directive: scene=maintain, intensity=0.60
2025-11-15 19:12:41,035 [INFO] Generated directive: scene=maintain, intensity=0.60
2025-11-15 19:12:41,076 [INFO] Generated directive: scene=maintain, intensity=0.60
2025-11-15 19:12:41,119 [INFO] Generated directive: scene=maintain, intensity=0.60
2025-11-15 19:12:41,155 [INFO] Generated directive: scene=maintain, intensity=0.60
2025-11-15 19:12:41,196 [INFO] Generated directive: scene=maintain, intensity=0.60
2025-11-15 19:12:41,233 [INFO] Generated directive: scene=maintain, intensity=0.60
2025-11-15 19:12:41,271 [INFO] Generated directive: scene=maintain, intensity=0.60
2025-11-15 19:12:41,311 [INFO] Generated directive: scene=maintain, intensity=0.60
2025-11-15 19:12:41,348 [INFO] Generated directive: scene=maintain, intensity=0.60
2025-11-15 19:12:41,390 [INFO] Generated directive: scene=maintain, intensity=0.60
2025-11-15 19:12:41,430 [INFO] Generated directive: scene=maintain, intensity=0.60
2025-11-15 19:12:41,472 [INFO] Generated directive: scene=maintain, intensity=0.60
2025-11-15 19:12:41,514 [INFO] Generated directive: scene=maintain, intensity=0.60
2025-11-15 19:12:41,554 [INFO] Generated directive: scene=maintain, intensity=0.60
2025-11-15 19:12:41,597 [INFO] Generated directive: scene=maintain, intensity=0.60
2025-11-15 19:12:41,638 [INFO] Generated directive: scene=maintain, intensity=0.60
2025-11-15 19:12:41,680 [INFO] Generated directive: scene=maintain, intensity=0.60
2025-11-15 19:12:41,718 [INFO] Generated directive: scene=maintain, intensity=0.60
2025-11-15 19:12:41,758 [INFO] Generated directive: scene=maintain, intensity=0.60
2025-11-15 19:12:41,798 [INFO] Generated directive: scene=maintain, intensity=0.60
2025-11-15 19:12:41,837 [INFO] Generated directive: scene=maintain, intensity=0.60
2025-11-15 19:12:41,880 [INFO] Generated directive: scene=maintain, intensity=0.60
2025-11-15 19:12:41,921 [INFO] Generated directive: scene=maintain, intensity=0.60
2025-11-15 19:12:41,962 [INFO] Generated directive: scene=maintain, intensity=0.60
2025-11-15 19:12:41,999 [INFO] Generated directive: scene=maintain, intensity=0.60
2025-11-15 19:12:42,041 [INFO] Generated directive: scene=maintain, intensity=0.60
2025-11-15 19:12:42,087 [INFO] Generated directive: scene=maintain, intensity=0.60
2025-11-15 19:12:42,128 [INFO] Generated directive: scene=maintain, intensity=0.60
2025-11-15 19:12:42,171 [INFO] Generated directive: scene=maintain, intensity=0.60
2025-11-15 19:12:42,217 [INFO] Generated directive: scene=maintain, intensity=0.60
2025-11-15 19:12:42,258 [INFO] Generated directive: scene=maintain, intensity=0.60
2025-11-15 19:12:42,295 [INFO] Generated directive: scene=maintain, intensity=0.60
2025-11-15 19:12:42,337 [INFO] Generated directive: scene=maintain, intensity=0.60
2025-11-15 19:12:42,381 [INFO] Generated directive: scene=maintain, intensity=0.60
2025-11-15 19:12:42,418 [INFO] Generated directive: scene=maintain, intensity=0.60
2025-11-15 19:12:42,455 [INFO] Generated directive: scene=maintain, intensity=0.60
2025-11-15 19:12:42,499 [INFO] Generated directive: scene=maintain, intensity=0.60
2025-11-15 19:12:42,541 [INFO] Generated directive: scene=maintain, intensity=0.60
2025-11-15 19:12:42,585 [INFO] Generated directive: scene=maintain, intensity=0.60
2025-11-15 19:12:42,628 [INFO] Generated directive: scene=maintain, intensity=0.60
2025-11-15 19:12:42,672 [INFO] Generated directive: scene=maintain, intensity=0.60
2025-11-15 19:12:42,710 [INFO] Generated directive: scene=maintain, intensity=0.60
2025-11-15 19:12:42,749 [INFO] Generated directive: scene=maintain, intensity=0.60
2025-11-15 19:12:42,791 [INFO] Generated directive: scene=maintain, intensity=0.60
2025-11-15 19:12:42,828 [INFO] Generated directive: scene=maintain, intensity=0.60
2025-11-15 19:12:42,865 [INFO] Generated directive: scene=maintain, intensity=0.60
2025-11-15 19:12:42,902 [INFO] Generated directive: scene=maintain, intensity=0.60
2025-11-15 19:12:42,939 [INFO] Generated directive: scene=maintain, intensity=0.60
2025-11-15 19:12:42,976 [INFO] Generated directive: scene=maintain, intensity=0.60
2025-11-15 19:12:43,015 [INFO] Generated directive: scene=maintain, intensity=0.60
2025-11-15 19:12:43,057 [INFO] Generated directive: scene=maintain, intensity=0.60
2025-11-15 19:12:43,098 [INFO] Generated directive: scene=maintain, intensity=0.60
2025-11-15 19:12:43,139 [INFO] Generated directive: scene=maintain, intensity=0.60
2025-11-15 19:12:43,176 [INFO] Generated directive: scene=maintain, intensity=0.60
2025-11-15 19:12:43,214 [INFO] Generated directive: scene=maintain, intensity=0.60
2025-11-15 19:12:43,251 [INFO] Generated directive: scene=maintain, intensity=0.60
2025-11-15 19:12:43,292 [INFO] Generated directive: scene=maintain, intensity=0.60
2025-11-15 19:12:43,332 [INFO] Generated directive: scene=maintain, intensity=0.60
2025-11-15 19:12:43,373 [INFO] Generated directive: scene=maintain, intensity=0.60
2025-11-15 19:12:43,411 [INFO] Generated directive: scene=maintain, intensity=0.60
2025-11-15 19:12:43,451 [INFO] Generated directive: scene=maintain, intensity=0.60
2025-11-15 19:12:43,489 [INFO] Generated directive: scene=maintain, intensity=0.60
2025-11-15 19:12:43,529 [INFO] Generated directive: scene=maintain, intensity=0.60
2025-11-15 19:12:43,572 [INFO] Generated directive: scene=maintain, intensity=0.60
2025-11-15 19:12:43,614 [INFO] Generated directive: scene=maintain, intensity=0.60
2025-11-15 19:12:43,653 [INFO] Generated directive: scene=maintain, intensity=0.60
2025-11-15 19:12:43,697 [INFO] Generated directive: scene=maintain, intensity=0.60
2025-11-15 19:12:43,734 [INFO] Generated directive: scene=maintain, intensity=0.60
2025-11-15 19:12:43,772 [INFO] Generated directive: scene=maintain, intensity=0.60
2025-11-15 19:12:43,813 [INFO] Generated directive: scene=maintain, intensity=0.60
2025-11-15 19:12:43,851 [INFO] Generated directive: scene=maintain, intensity=0.60
2025-11-15 19:12:43,892 [INFO] Generated directive: scene=maintain, intensity=0.60
2025-11-15 19:12:43,935 [INFO] Generated directive: scene=maintain, intensity=0.60
2025-11-15 19:12:43,974 [INFO] Generated directive: scene=maintain, intensity=0.60
2025-11-15 19:12:44,026 [INFO] Generated directive: scene=maintain, intensity=0.60
2025-11-15 19:12:44,070 [INFO] Generated directive: scene=maintain, intensity=0.60
2025-11-15 19:12:44,111 [INFO] Generated directive: scene=maintain, intensity=0.60
2025-11-15 19:12:44,148 [INFO] Generated directive: scene=maintain, intensity=0.60
2025-11-15 19:12:44,189 [INFO] Generated directive: scene=maintain, intensity=0.60
2025-11-15 19:12:44,235 [INFO] Generated directive: scene=maintain, intensity=0.60
2025-11-15 19:12:44,276 [INFO] Generated directive: scene=maintain, intensity=0.60
2025-11-15 19:12:44,314 [INFO] Generated directive: scene=maintain, intensity=0.60
2025-11-15 19:12:44,355 [INFO] Generated directive: scene=maintain, intensity=0.60
2025-11-15 19:12:44,406 [INFO] Generated directive: scene=maintain, intensity=0.60
2025-11-15 19:12:44,446 [INFO] Generated directive: scene=maintain, intensity=0.60
2025-11-15 19:12:44,488 [INFO] Generated directive: scene=maintain, intensity=0.60
2025-11-15 19:12:44,530 [INFO] Generated directive: scene=maintain, intensity=0.60
2025-11-15 19:12:44,572 [INFO] Generated directive: scene=maintain, intensity=0.60
2025-11-15 19:12:44,611 [INFO] Generated directive: scene=maintain, intensity=0.60
2025-11-15 19:12:44,648 [INFO] Generated directive: scene=maintain, intensity=0.60
2025-11-15 19:12:44,688 [INFO] Generated directive: scene=maintain, intensity=0.60
2025-11-15 19:12:44,728 [INFO] Generated directive: scene=maintain, intensity=0.60
2025-11-15 19:12:44,769 [INFO] Generated directive: scene=maintain, intensity=0.60
2025-11-15 19:12:44,809 [INFO] Generated directive: scene=maintain, intensity=0.60
2025-11-15 19:12:44,848 [INFO] Generated directive: scene=maintain, intensity=0.60
2025-11-15 19:12:44,887 [INFO] Generated directive: scene=maintain, intensity=0.60
2025-11-15 19:12:44,925 [INFO] Generated directive: scene=maintain, intensity=0.60
2025-11-15 19:12:44,965 [INFO] Generated directive: scene=maintain, intensity=0.60
2025-11-15 19:12:45,002 [INFO] Generated directive: scene=maintain, intensity=0.60
2025-11-15 19:12:45,040 [INFO] Generated directive: scene=maintain, intensity=0.60
2025-11-15 19:12:45,077 [INFO] Generated directive: scene=maintain, intensity=0.60
2025-11-15 19:12:45,115 [INFO] Generated directive: scene=maintain, intensity=0.60
2025-11-15 19:12:45,156 [INFO] Generated directive: scene=maintain, intensity=0.60
2025-11-15 19:12:45,193 [INFO] Generated directive: scene=maintain, intensity=0.60
2025-11-15 19:12:45,230 [INFO] Generated directive: scene=maintain, intensity=0.60
2025-11-15 19:12:45,267 [INFO] Generated directive: scene=maintain, intensity=0.60
2025-11-15 19:12:45,304 [INFO] Generated directive: scene=maintain, intensity=0.60
2025-11-15 19:12:45,341 [INFO] Generated directive: scene=maintain, intensity=0.60
2025-11-15 19:12:45,378 [INFO] Generated directive: scene=maintain, intensity=0.60
2025-11-15 19:12:45,415 [INFO] Generated directive: scene=maintain, intensity=0.60
2025-11-15 19:12:45,452 [INFO] Generated directive: scene=maintain, intensity=0.60
2025-11-15 19:12:45,489 [INFO] Generated directive: scene=maintain, intensity=0.60
2025-11-15 19:12:45,526 [INFO] Generated directive: scene=maintain, intensity=0.60
2025-11-15 19:12:45,563 [INFO] Generated directive: scene=maintain, intensity=0.60
2025-11-15 19:12:45,599 [INFO] Generated directive: scene=maintain, intensity=0.60
2025-11-15 19:12:45,636 [INFO] Generated directive: scene=maintain, intensity=0.60
2025-11-15 19:12:45,673 [INFO] Generated directive: scene=maintain, intensity=0.60
2025-11-15 19:12:45,710 [INFO] Generated directive: scene=maintain, intensity=0.60
2025-11-15 19:12:45,746 [INFO] Generated directive: scene=maintain, intensity=0.60
2025-11-15 19:12:45,784 [INFO] Generated directive: scene=maintain, intensity=0.60
2025-11-15 19:12:45,820 [INFO] Generated directive: scene=maintain, intensity=0.60
2025-11-15 19:12:45,857 [INFO] Generated directive: scene=maintain, intensity=0.60
2025-11-15 19:12:45,894 [INFO] Generated directive: scene=maintain, intensity=0.60
2025-11-15 19:12:45,930 [INFO] Generated directive: scene=maintain, intensity=0.60
2025-11-15 19:12:45,968 [INFO] Generated directive: scene=maintain, intensity=0.60
2025-11-15 19:12:46,006 [INFO] Generated directive: scene=maintain, intensity=0.60
2025-11-15 19:12:46,044 [INFO] Generated directive: scene=maintain, intensity=0.60
2025-11-15 19:12:46,086 [INFO] Generated directive: scene=maintain, intensity=0.60
2025-11-15 19:12:46,135 [INFO] Generated directive: scene=maintain, intensity=0.60
2025-11-15 19:12:46,177 [INFO] Generated directive: scene=maintain, intensity=0.60
2025-11-15 19:12:46,217 [INFO] Generated directive: scene=maintain, intensity=0.60
2025-11-15 19:12:46,257 [INFO] Generated directive: scene=maintain, intensity=0.60
2025-11-15 19:12:46,296 [INFO] Generated directive: scene=maintain, intensity=0.60
2025-11-15 19:12:46,336 [INFO] Generated directive: scene=maintain, intensity=0.60
2025-11-15 19:12:46,382 [INFO] Generated directive: scene=maintain, intensity=0.60
2025-11-15 19:12:46,424 [INFO] Generated directive: scene=maintain, intensity=0.60
2025-11-15 19:12:46,464 [INFO] Generated directive: scene=maintain, intensity=0.60
2025-11-15 19:12:46,505 [INFO] Generated directive: scene=maintain, intensity=0.60
2025-11-15 19:12:46,542 [INFO] Generated directive: scene=maintain, intensity=0.60
2025-11-15 19:12:46,579 [INFO] Generated directive: scene=maintain, intensity=0.60
2025-11-15 19:12:46,616 [INFO] Generated directive: scene=maintain, intensity=0.60
2025-11-15 19:12:46,655 [INFO] Generated directive: scene=maintain, intensity=0.60
2025-11-15 19:12:46,691 [INFO] Generated directive: scene=maintain, intensity=0.60
2025-11-15 19:12:46,728 [INFO] Generated directive: scene=maintain, intensity=0.60
2025-11-15 19:12:46,767 [INFO] Generated directive: scene=maintain, intensity=0.60
2025-11-15 19:12:46,806 [INFO] Generated directive: scene=maintain, intensity=0.60
2025-11-15 19:12:46,847 [INFO] Generated directive: scene=maintain, intensity=0.60
2025-11-15 19:12:46,884 [INFO] Generated directive: scene=maintain, intensity=0.60
2025-11-15 19:12:46,924 [INFO] Generated directive: scene=maintain, intensity=0.60
2025-11-15 19:12:46,966 [INFO] Generated directive: scene=maintain, intensity=0.60
2025-11-15 19:12:47,005 [INFO] Generated directive: scene=maintain, intensity=0.60
2025-11-15 19:12:47,046 [INFO] Generated directive: scene=maintain, intensity=0.60
2025-11-15 19:12:47,088 [INFO] Generated directive: scene=maintain, intensity=0.60
2025-11-15 19:12:47,130 [INFO] Generated directive: scene=maintain, intensity=0.60
2025-11-15 19:12:47,173 [INFO] Generated directive: scene=maintain, intensity=0.60
2025-11-15 19:12:47,215 [INFO] Generated directive: scene=maintain, intensity=0.60
2025-11-15 19:12:47,259 [INFO] Generated directive: scene=maintain, intensity=0.60
2025-11-15 19:12:47,303 [INFO] Generated directive: scene=maintain, intensity=0.60
2025-11-15 19:12:47,346 [INFO] Generated directive: scene=maintain, intensity=0.60
2025-11-15 19:12:47,390 [INFO] Generated directive: scene=maintain, intensity=0.60
2025-11-15 19:12:47,431 [INFO] Generated directive: scene=maintain, intensity=0.60
2025-11-15 19:12:47,469 [INFO] Generated directive: scene=maintain, intensity=0.60
2025-11-15 19:12:47,510 [INFO] Generated directive: scene=maintain, intensity=0.60
2025-11-15 19:12:47,550 [INFO] Generated directive: scene=maintain, intensity=0.60
2025-11-15 19:12:47,591 [INFO] Generated directive: scene=maintain, intensity=0.60
2025-11-15 19:12:47,630 [INFO] Generated directive: scene=maintain, intensity=0.60
2025-11-15 19:12:47,670 [INFO] Generated directive: scene=maintain, intensity=0.60
2025-11-15 19:12:47,709 [INFO] Generated directive: scene=maintain, intensity=0.60
2025-11-15 19:12:47,750 [INFO] Generated directive: scene=maintain, intensity=0.60
2025-11-15 19:12:47,793 [INFO] Generated directive: scene=maintain, intensity=0.60
2025-11-15 19:12:47,837 [INFO] Generated directive: scene=maintain, intensity=0.60
2025-11-15 19:12:47,881 [INFO] Generated directive: scene=maintain, intensity=0.60
2025-11-15 19:12:47,922 [INFO] Generated directive: scene=maintain, intensity=0.60
2025-11-15 19:12:47,963 [INFO] Generated directive: scene=maintain, intensity=0.60
2025-11-15 19:12:48,005 [INFO] Generated directive: scene=maintain, intensity=0.60
2025-11-15 19:12:48,049 [INFO] Generated directive: scene=maintain, intensity=0.60
2025-11-15 19:12:48,092 [INFO] Generated directive: scene=maintain, intensity=0.60
2025-11-15 19:12:48,131 [INFO] Generated directive: scene=maintain, intensity=0.60
2025-11-15 19:12:48,174 [INFO] Generated directive: scene=maintain, intensity=0.60
2025-11-15 19:12:48,220 [INFO] Generated directive: scene=maintain, intensity=0.60
2025-11-15 19:12:48,265 [INFO] Generated directive: scene=maintain, intensity=0.60
2025-11-15 19:12:48,307 [INFO] Generated directive: scene=maintain, intensity=0.60
2025-11-15 19:12:48,347 [INFO] Generated directive: scene=maintain, intensity=0.60
2025-11-15 19:12:48,388 [INFO] Generated directive: scene=maintain, intensity=0.60
2025-11-15 19:12:48,431 [INFO] Generated directive: scene=maintain, intensity=0.60
2025-11-15 19:12:48,473 [INFO] Generated directive: scene=maintain, intensity=0.60
2025-11-15 19:12:48,515 [INFO] Generated directive: scene=maintain, intensity=0.60
2025-11-15 19:12:48,556 [INFO] Generated directive: scene=maintain, intensity=0.60
2025-11-15 19:12:48,599 [INFO] Generated directive: scene=maintain, intensity=0.60
2025-11-15 19:12:48,639 [INFO] Generated directive: scene=maintain, intensity=0.60
2025-11-15 19:12:48,682 [INFO] Generated directive: scene=maintain, intensity=0.60
2025-11-15 19:12:48,722 [INFO] Generated directive: scene=maintain, intensity=0.60
2025-11-15 19:12:48,763 [INFO] Generated directive: scene=maintain, intensity=0.60
2025-11-15 19:12:48,806 [INFO] Generated directive: scene=maintain, intensity=0.60
2025-11-15 19:12:48,843 [INFO] Generated directive: scene=maintain, intensity=0.60
2025-11-15 19:12:48,881 [INFO] Generated directive: scene=maintain, intensity=0.60
2025-11-15 19:12:48,927 [INFO] Generated directive: scene=maintain, intensity=0.60
2025-11-15 19:12:48,968 [INFO] Generated directive: scene=maintain, intensity=0.60
2025-11-15 19:12:49,007 [INFO] Generated directive: scene=maintain, intensity=0.60
2025-11-15 19:12:49,052 [INFO] Generated directive: scene=maintain, intensity=0.60
2025-11-15 19:12:49,093 [INFO] Generated directive: scene=maintain, intensity=0.60
2025-11-15 19:12:49,137 [INFO] Generated directive: scene=maintain, intensity=0.60
2025-11-15 19:12:49,181 [INFO] Generated directive: scene=maintain, intensity=0.60
2025-11-15 19:12:49,223 [INFO] Generated directive: scene=maintain, intensity=0.60
2025-11-15 19:12:49,264 [INFO] Generated directive: scene=maintain, intensity=0.60
2025-11-15 19:12:49,306 [INFO] Generated directive: scene=maintain, intensity=0.60
2025-11-15 19:12:49,349 [INFO] Generated directive: scene=maintain, intensity=0.60
2025-11-15 19:12:49,390 [INFO] Generated directive: scene=maintain, intensity=0.60
2025-11-15 19:12:49,432 [INFO] Generated directive: scene=maintain, intensity=0.60
2025-11-15 19:12:49,474 [INFO] Generated directive: scene=maintain, intensity=0.60
2025-11-15 19:12:49,514 [INFO] Generated directive: scene=maintain, intensity=0.60
2025-11-15 19:12:49,555 [INFO] Generated directive: scene=maintain, intensity=0.60
2025-11-15 19:12:49,597 [INFO] Generated directive: scene=maintain, intensity=0.60
2025-11-15 19:12:49,635 [INFO] Generated directive: scene=maintain, intensity=0.60
2025-11-15 19:12:49,676 [INFO] Generated directive: scene=maintain, intensity=0.60
2025-11-15 19:12:49,717 [INFO] Generated directive: scene=maintain, intensity=0.60
2025-11-15 19:12:49,755 [INFO] Generated directive: scene=maintain, intensity=0.60
2025-11-15 19:12:49,793 [INFO] Generated directive: scene=maintain, intensity=0.60
2025-11-15 19:12:49,834 [INFO] Generated directive: scene=maintain, intensity=0.60
2025-11-15 19:12:49,877 [INFO] Generated directive: scene=maintain, intensity=0.60
2025-11-15 19:12:49,918 [INFO] Generated directive: scene=maintain, intensity=0.60
2025-11-15 19:12:49,957 [INFO] Generated directive: scene=maintain, intensity=0.60
2025-11-15 19:12:50,002 [INFO] Generated directive: scene=maintain, intensity=0.60
2025-11-15 19:12:50,041 [INFO] Generated directive: scene=maintain, intensity=0.60
2025-11-15 19:12:50,084 [INFO] Generated directive: scene=maintain, intensity=0.60
2025-11-15 19:12:50,137 [INFO] Generated directive: scene=maintain, intensity=0.60
2025-11-15 19:12:50,175 [INFO] Generated directive: scene=maintain, intensity=0.60
2025-11-15 19:12:50,217 [INFO] Generated directive: scene=maintain, intensity=0.60
2025-11-15 19:12:50,257 [INFO] Generated directive: scene=maintain, intensity=0.60
2025-11-15 19:12:50,298 [INFO] Generated directive: scene=maintain, intensity=0.60
2025-11-15 19:12:50,341 [INFO] Generated directive: scene=maintain, intensity=0.60
2025-11-15 19:12:50,382 [INFO] Generated directive: scene=maintain, intensity=0.60
2025-11-15 19:12:50,425 [INFO] Generated directive: scene=maintain, intensity=0.60
2025-11-15 19:12:50,462 [INFO] Generated directive: scene=maintain, intensity=0.60
2025-11-15 19:12:50,499 [INFO] Generated directive: scene=maintain, intensity=0.60
2025-11-15 19:12:50,537 [INFO] Generated directive: scene=maintain, intensity=0.60
2025-11-15 19:12:50,576 [INFO] Generated directive: scene=maintain, intensity=0.60
2025-11-15 19:12:50,617 [INFO] Generated directive: scene=maintain, intensity=0.60
2025-11-15 19:12:50,659 [INFO] Generated directive: scene=maintain, intensity=0.60
2025-11-15 19:12:50,702 [INFO] Generated directive: scene=maintain, intensity=0.60
2025-11-15 19:12:50,742 [INFO] Generated directive: scene=maintain, intensity=0.60
2025-11-15 19:12:50,785 [INFO] Generated directive: scene=maintain, intensity=0.60
2025-11-15 19:12:50,827 [INFO] Generated directive: scene=maintain, intensity=0.60
2025-11-15 19:12:50,870 [INFO] Generated directive: scene=maintain, intensity=0.60
2025-11-15 19:12:50,907 [INFO] Generated directive: scene=maintain, intensity=0.60
2025-11-15 19:12:50,944 [INFO] Generated directive: scene=maintain, intensity=0.60
2025-11-15 19:12:50,983 [INFO] Generated directive: scene=maintain, intensity=0.60
2025-11-15 19:12:51,027 [INFO] Generated directive: scene=maintain, intensity=0.60
2025-11-15 19:12:51,069 [INFO] Generated directive: scene=maintain, intensity=0.60
2025-11-15 19:12:51,110 [INFO] Generated directive: scene=maintain, intensity=0.60
2025-11-15 19:12:51,153 [INFO] Generated directive: scene=maintain, intensity=0.60
2025-11-15 19:12:51,193 [INFO] Generated directive: scene=maintain, intensity=0.60
2025-11-15 19:12:51,233 [INFO] Generated directive: scene=maintain, intensity=0.60
2025-11-15 19:12:51,270 [INFO] Generated directive: scene=maintain, intensity=0.60
2025-11-15 19:12:51,310 [INFO] Generated directive: scene=maintain, intensity=0.60
2025-11-15 19:12:51,352 [INFO] Generated directive: scene=maintain, intensity=0.60
2025-11-15 19:12:51,395 [INFO] Generated directive: scene=maintain, intensity=0.60
2025-11-15 19:12:51,432 [INFO] Generated directive: scene=maintain, intensity=0.60
2025-11-15 19:12:51,471 [INFO] Generated directive: scene=maintain, intensity=0.60
2025-11-15 19:12:51,510 [INFO] Generated directive: scene=maintain, intensity=0.60
2025-11-15 19:12:51,550 [INFO] Generated directive: scene=maintain, intensity=0.60
2025-11-15 19:12:51,590 [INFO] Generated directive: scene=maintain, intensity=0.60
2025-11-15 19:12:51,629 [INFO] Generated directive: scene=maintain, intensity=0.60
2025-11-15 19:12:51,669 [INFO] Generated directive: scene=maintain, intensity=0.60
2025-11-15 19:12:51,708 [INFO] Generated directive: scene=maintain, intensity=0.60
2025-11-15 19:12:51,750 [INFO] Generated directive: scene=maintain, intensity=0.60
2025-11-15 19:12:51,791 [INFO] Generated directive: scene=maintain, intensity=0.60
2025-11-15 19:12:51,833 [INFO] Generated directive: scene=maintain, intensity=0.60
2025-11-15 19:12:51,876 [INFO] Generated directive: scene=maintain, intensity=0.60
2025-11-15 19:12:51,918 [INFO] Generated directive: scene=maintain, intensity=0.60
2025-11-15 19:12:51,960 [INFO] Generated directive: scene=maintain, intensity=0.60
2025-11-15 19:12:51,999 [INFO] Generated directive: scene=maintain, intensity=0.60
2025-11-15 19:12:52,040 [INFO] Generated directive: scene=maintain, intensity=0.60
2025-11-15 19:12:52,089 [INFO] Generated directive: scene=maintain, intensity=0.60
2025-11-15 19:12:52,130 [INFO] Generated directive: scene=maintain, intensity=0.60
2025-11-15 19:12:52,174 [INFO] Generated directive: scene=maintain, intensity=0.60
2025-11-15 19:12:52,215 [INFO] Generated directive: scene=maintain, intensity=0.60
2025-11-15 19:12:52,257 [INFO] Generated directive: scene=maintain, intensity=0.60
2025-11-15 19:12:52,300 [INFO] Generated directive: scene=maintain, intensity=0.60
2025-11-15 19:12:52,342 [INFO] Generated directive: scene=maintain, intensity=0.60
2025-11-15 19:12:52,385 [INFO] Generated directive: scene=maintain, intensity=0.60
2025-11-15 19:12:52,426 [INFO] Generated directive: scene=maintain, intensity=0.60
2025-11-15 19:12:52,463 [INFO] Generated directive: scene=maintain, intensity=0.60
2025-11-15 19:12:52,501 [INFO] Generated directive: scene=maintain, intensity=0.60
2025-11-15 19:12:52,542 [INFO] Generated directive: scene=maintain, intensity=0.60
2025-11-15 19:12:52,584 [INFO] Generated directive: scene=maintain, intensity=0.60
2025-11-15 19:12:52,621 [INFO] Generated directive: scene=maintain, intensity=0.60
2025-11-15 19:12:52,663 [INFO] Generated directive: scene=maintain, intensity=0.60
2025-11-15 19:12:52,704 [INFO] Generated directive: scene=maintain, intensity=0.60
2025-11-15 19:12:52,745 [INFO] Generated directive: scene=maintain, intensity=0.60
2025-11-15 19:12:52,786 [INFO] Generated directive: scene=maintain, intensity=0.60
2025-11-15 19:12:52,827 [INFO] Generated directive: scene=maintain, intensity=0.60
2025-11-15 19:12:52,864 [INFO] Generated directive: scene=maintain, intensity=0.60
2025-11-15 19:12:52,905 [INFO] Generated directive: scene=maintain, intensity=0.60
2025-11-15 19:12:52,947 [INFO] Generated directive: scene=maintain, intensity=0.60
2025-11-15 19:12:52,985 [INFO] Generated directive: scene=maintain, intensity=0.60
2025-11-15 19:12:53,023 [INFO] Generated directive: scene=maintain, intensity=0.60
2025-11-15 19:12:53,064 [INFO] Generated directive: scene=maintain, intensity=0.60
2025-11-15 19:12:53,105 [INFO] Generated directive: scene=maintain, intensity=0.60
2025-11-15 19:12:53,146 [INFO] Generated directive: scene=maintain, intensity=0.60
2025-11-15 19:12:53,194 [INFO] Generated directive: scene=maintain, intensity=0.60
2025-11-15 19:12:53,241 [INFO] Generated directive: scene=maintain, intensity=0.60
2025-11-15 19:12:53,284 [INFO] Generated directive: scene=maintain, intensity=0.60
2025-11-15 19:12:53,325 [INFO] Generated directive: scene=maintain, intensity=0.60
2025-11-15 19:12:53,369 [INFO] Generated directive: scene=maintain, intensity=0.60
2025-11-15 19:12:53,411 [INFO] Generated directive: scene=maintain, intensity=0.60
2025-11-15 19:12:53,453 [INFO] Generated directive: scene=maintain, intensity=0.60
2025-11-15 19:12:53,491 [INFO] Generated directive: scene=maintain, intensity=0.60
2025-11-15 19:12:53,533 [INFO] Generated directive: scene=maintain, intensity=0.60
2025-11-15 19:12:53,570 [INFO] Generated directive: scene=maintain, intensity=0.60
2025-11-15 19:12:53,607 [INFO] Generated directive: scene=maintain, intensity=0.60
2025-11-15 19:12:53,644 [INFO] Generated directive: scene=maintain, intensity=0.60
2025-11-15 19:12:53,686 [INFO] Generated directive: scene=maintain, intensity=0.60
2025-11-15 19:12:53,730 [INFO] Generated directive: scene=maintain, intensity=0.60
2025-11-15 19:12:53,771 [INFO] Generated directive: scene=maintain, intensity=0.60
2025-11-15 19:12:53,810 [INFO] Generated directive: scene=maintain, intensity=0.60
2025-11-15 19:12:53,853 [INFO] Generated directive: scene=maintain, intensity=0.60
2025-11-15 19:12:53,896 [INFO] Generated directive: scene=maintain, intensity=0.60
2025-11-15 19:12:53,937 [INFO] Generated directive: scene=maintain, intensity=0.60
2025-11-15 19:12:53,981 [INFO] Generated directive: scene=maintain, intensity=0.60
2025-11-15 19:12:54,020 [INFO] Generated directive: scene=maintain, intensity=0.60
2025-11-15 19:12:54,064 [INFO] Generated directive: scene=maintain, intensity=0.60
2025-11-15 19:12:54,104 [INFO] Generated directive: scene=maintain, intensity=0.60
2025-11-15 19:12:54,144 [INFO] Generated directive: scene=maintain, intensity=0.60
2025-11-15 19:12:54,182 [INFO] Generated directive: scene=maintain, intensity=0.60
2025-11-15 19:12:54,221 [INFO] Generated directive: scene=maintain, intensity=0.60
2025-11-15 19:12:54,263 [INFO] Generated directive: scene=maintain, intensity=0.60
2025-11-15 19:12:54,305 [INFO] Generated directive: scene=maintain, intensity=0.60
2025-11-15 19:12:54,347 [INFO] Generated directive: scene=maintain, intensity=0.60
2025-11-15 19:12:54,383 [INFO] Generated directive: scene=maintain, intensity=0.60
2025-11-15 19:12:54,423 [INFO] Generated directive: scene=maintain, intensity=0.60
2025-11-15 19:12:54,462 [INFO] Generated directive: scene=maintain, intensity=0.60
2025-11-15 19:12:54,499 [INFO] Generated directive: scene=maintain, intensity=0.60
2025-11-15 19:12:54,541 [INFO] Generated directive: scene=maintain, intensity=0.60
2025-11-15 19:12:54,584 [INFO] Generated directive: scene=maintain, intensity=0.60
2025-11-15 19:12:54,620 [INFO] Generated directive: scene=maintain, intensity=0.60
2025-11-15 19:12:54,657 [INFO] Generated directive: scene=maintain, intensity=0.60
2025-11-15 19:12:54,698 [INFO] Generated directive: scene=maintain, intensity=0.60
2025-11-15 19:12:54,741 [INFO] Generated directive: scene=maintain, intensity=0.60
2025-11-15 19:12:54,782 [INFO] Generated directive: scene=maintain, intensity=0.60
2025-11-15 19:12:54,824 [INFO] Generated directive: scene=maintain, intensity=0.60
2025-11-15 19:12:54,861 [INFO] Generated directive: scene=maintain, intensity=0.60
2025-11-15 19:12:54,901 [INFO] Generated directive: scene=maintain, intensity=0.60
2025-11-15 19:12:54,945 [INFO] Generated directive: scene=maintain, intensity=0.60
2025-11-15 19:12:54,987 [INFO] Generated directive: scene=maintain, intensity=0.60
2025-11-15 19:12:55,025 [INFO] Generated directive: scene=maintain, intensity=0.60
2025-11-15 19:12:55,066 [INFO] Generated directive: scene=maintain, intensity=0.60
2025-11-15 19:12:55,109 [INFO] Generated directive: scene=maintain, intensity=0.60
2025-11-15 19:12:55,146 [INFO] Generated directive: scene=maintain, intensity=0.60
2025-11-15 19:12:55,189 [INFO] Generated directive: scene=maintain, intensity=0.60
2025-11-15 19:12:55,231 [INFO] Generated directive: scene=maintain, intensity=0.60
2025-11-15 19:12:55,271 [INFO] Generated directive: scene=maintain, intensity=0.60
2025-11-15 19:12:55,314 [INFO] Generated directive: scene=maintain, intensity=0.60
2025-11-15 19:12:55,356 [INFO] Generated directive: scene=maintain, intensity=0.60
2025-11-15 19:12:55,396 [INFO] Generated directive: scene=maintain, intensity=0.60
2025-11-15 19:12:55,436 [INFO] Generated directive: scene=maintain, intensity=0.60
2025-11-15 19:12:55,479 [INFO] Generated directive: scene=maintain, intensity=0.60
2025-11-15 19:12:55,524 [INFO] Generated directive: scene=maintain, intensity=0.60
2025-11-15 19:12:55,564 [INFO] Generated directive: scene=maintain, intensity=0.60
2025-11-15 19:12:55,602 [INFO] Generated directive: scene=maintain, intensity=0.60
2025-11-15 19:12:55,643 [INFO] Generated directive: scene=maintain, intensity=0.60
2025-11-15 19:12:55,686 [INFO] Generated directive: scene=maintain, intensity=0.60
2025-11-15 19:12:55,729 [INFO] Generated directive: scene=maintain, intensity=0.60
2025-11-15 19:12:55,771 [INFO] Generated directive: scene=maintain, intensity=0.60
2025-11-15 19:12:55,814 [INFO] Generated directive: scene=maintain, intensity=0.60
2025-11-15 19:12:55,856 [INFO] Generated directive: scene=maintain, intensity=0.60
2025-11-15 19:12:55,901 [INFO] Generated directive: scene=maintain, intensity=0.60
2025-11-15 19:12:55,946 [INFO] Generated directive: scene=maintain, intensity=0.60
2025-11-15 19:12:55,988 [INFO] Generated directive: scene=maintain, intensity=0.60
2025-11-15 19:12:56,026 [INFO] Generated directive: scene=maintain, intensity=0.60
2025-11-15 19:12:56,068 [INFO] Generated directive: scene=maintain, intensity=0.60
2025-11-15 19:12:56,110 [INFO] Generated directive: scene=maintain, intensity=0.60
2025-11-15 19:12:56,152 [INFO] Generated directive: scene=maintain, intensity=0.60
2025-11-15 19:12:56,192 [INFO] Generated directive: scene=maintain, intensity=0.60
2025-11-15 19:12:56,237 [INFO] Generated directive: scene=maintain, intensity=0.60
2025-11-15 19:12:56,281 [INFO] Generated directive: scene=maintain, intensity=0.60
2025-11-15 19:12:56,319 [INFO] Generated directive: scene=maintain, intensity=0.60
2025-11-15 19:12:56,361 [INFO] Generated directive: scene=maintain, intensity=0.60
2025-11-15 19:12:56,404 [INFO] Generated directive: scene=maintain, intensity=0.60
2025-11-15 19:12:56,448 [INFO] Generated directive: scene=maintain, intensity=0.60
2025-11-15 19:12:56,488 [INFO] Generated directive: scene=maintain, intensity=0.60
2025-11-15 19:12:56,530 [INFO] Generated directive: scene=maintain, intensity=0.60
2025-11-15 19:12:56,570 [INFO] Generated directive: scene=maintain, intensity=0.60
2025-11-15 19:12:56,611 [INFO] Generated directive: scene=maintain, intensity=0.60
2025-11-15 19:12:56,653 [INFO] Generated directive: scene=maintain, intensity=0.60
2025-11-15 19:12:56,694 [INFO] Generated directive: scene=maintain, intensity=0.60
2025-11-15 19:12:56,737 [INFO] Generated directive: scene=maintain, intensity=0.60
2025-11-15 19:12:56,780 [INFO] Generated directive: scene=maintain, intensity=0.60
2025-11-15 19:12:56,820 [INFO] Generated directive: scene=maintain, intensity=0.60
2025-11-15 19:12:56,857 [INFO] Generated directive: scene=maintain, intensity=0.60
2025-11-15 19:12:56,899 [INFO] Generated directive: scene=maintain, intensity=0.60
2025-11-15 19:12:56,937 [INFO] Generated directive: scene=maintain, intensity=0.60
2025-11-15 19:12:56,978 [INFO] Generated directive: scene=maintain, intensity=0.60
2025-11-15 19:12:57,022 [INFO] Generated directive: scene=maintain, intensity=0.60
2025-11-15 19:12:57,065 [INFO] Generated directive: scene=maintain, intensity=0.60
2025-11-15 19:12:57,105 [INFO] Generated directive: scene=maintain, intensity=0.60
2025-11-15 19:12:57,149 [INFO] Generated directive: scene=maintain, intensity=0.60
2025-11-15 19:12:57,200 [INFO] Generated directive: scene=maintain, intensity=0.60
2025-11-15 19:12:57,246 [INFO] Generated directive: scene=maintain, intensity=0.60
2025-11-15 19:12:57,286 [INFO] Generated directive: scene=maintain, intensity=0.60
2025-11-15 19:12:57,324 [INFO] Generated directive: scene=maintain, intensity=0.60
2025-11-15 19:12:57,369 [INFO] Generated directive: scene=maintain, intensity=0.60
2025-11-15 19:12:57,417 [INFO] Generated directive: scene=maintain, intensity=0.60
2025-11-15 19:12:57,459 [INFO] Generated directive: scene=maintain, intensity=0.60
2025-11-15 19:12:57,502 [INFO] Generated directive: scene=maintain, intensity=0.60
2025-11-15 19:12:57,543 [INFO] Generated directive: scene=maintain, intensity=0.60
2025-11-15 19:12:57,585 [INFO] Generated directive: scene=maintain, intensity=0.60
2025-11-15 19:12:57,621 [INFO] Generated directive: scene=maintain, intensity=0.60
2025-11-15 19:12:57,663 [INFO] Generated directive: scene=maintain, intensity=0.60
2025-11-15 19:12:57,704 [INFO] Generated directive: scene=maintain, intensity=0.60
2025-11-15 19:12:57,745 [INFO] Generated directive: scene=maintain, intensity=0.60
2025-11-15 19:12:57,786 [INFO] Generated directive: scene=maintain, intensity=0.60
2025-11-15 19:12:57,824 [INFO] Generated directive: scene=maintain, intensity=0.60
2025-11-15 19:12:57,868 [INFO] Generated directive: scene=maintain, intensity=0.60
2025-11-15 19:12:57,905 [INFO] Generated directive: scene=maintain, intensity=0.60
2025-11-15 19:12:57,947 [INFO] Generated directive: scene=maintain, intensity=0.60
2025-11-15 19:12:57,989 [INFO] Generated directive: scene=maintain, intensity=0.60
2025-11-15 19:12:58,030 [INFO] Generated directive: scene=maintain, intensity=0.60
2025-11-15 19:12:58,070 [INFO] Generated directive: scene=maintain, intensity=0.60
2025-11-15 19:12:58,113 [INFO] Generated directive: scene=maintain, intensity=0.60
2025-11-15 19:12:58,154 [INFO] Generated directive: scene=maintain, intensity=0.60
2025-11-15 19:12:58,191 [INFO] Generated directive: scene=maintain, intensity=0.60
2025-11-15 19:12:58,233 [INFO] Generated directive: scene=maintain, intensity=0.60
2025-11-15 19:12:58,278 [INFO] Generated directive: scene=maintain, intensity=0.60
2025-11-15 19:12:58,321 [INFO] Generated directive: scene=maintain, intensity=0.60
2025-11-15 19:12:58,363 [INFO] Generated directive: scene=maintain, intensity=0.60
2025-11-15 19:12:58,407 [INFO] Generated directive: scene=maintain, intensity=0.60
2025-11-15 19:12:58,451 [INFO] Generated directive: scene=maintain, intensity=0.60
2025-11-15 19:12:58,494 [INFO] Generated directive: scene=maintain, intensity=0.60
2025-11-15 19:12:58,535 [INFO] Generated directive: scene=maintain, intensity=0.60
2025-11-15 19:12:58,572 [INFO] Generated directive: scene=maintain, intensity=0.60
2025-11-15 19:12:58,609 [INFO] Generated directive: scene=maintain, intensity=0.60
2025-11-15 19:12:58,650 [INFO] Generated directive: scene=maintain, intensity=0.60
2025-11-15 19:12:58,690 [INFO] Generated directive: scene=maintain, intensity=0.60
2025-11-15 19:12:58,730 [INFO] Generated directive: scene=maintain, intensity=0.60
2025-11-15 19:12:58,773 [INFO] Generated directive: scene=maintain, intensity=0.60
2025-11-15 19:12:58,813 [INFO] Generated directive: scene=maintain, intensity=0.60
2025-11-15 19:12:58,855 [INFO] Generated directive: scene=maintain, intensity=0.60
2025-11-15 19:12:58,897 [INFO] Generated directive: scene=maintain, intensity=0.60
2025-11-15 19:12:58,948 [INFO] Generated directive: scene=maintain, intensity=0.60
2025-11-15 19:12:58,988 [INFO] Generated directive: scene=maintain, intensity=0.60
2025-11-15 19:12:59,030 [INFO] Generated directive: scene=maintain, intensity=0.60
2025-11-15 19:12:59,070 [INFO] Generated directive: scene=maintain, intensity=0.60
2025-11-15 19:12:59,114 [INFO] Generated directive: scene=maintain, intensity=0.60
2025-11-15 19:12:59,156 [INFO] Generated directive: scene=maintain, intensity=0.60
2025-11-15 19:12:59,201 [INFO] Generated directive: scene=maintain, intensity=0.60
2025-11-15 19:12:59,245 [INFO] Generated directive: scene=maintain, intensity=0.60
2025-11-15 19:12:59,287 [INFO] Generated directive: scene=maintain, intensity=0.60
2025-11-15 19:12:59,330 [INFO] Generated directive: scene=maintain, intensity=0.60
2025-11-15 19:12:59,370 [INFO] Generated directive: scene=maintain, intensity=0.60
2025-11-15 19:12:59,409 [INFO] Generated directive: scene=maintain, intensity=0.60
2025-11-15 19:12:59,452 [INFO] Generated directive: scene=maintain, intensity=0.60
2025-11-15 19:12:59,495 [INFO] Generated directive: scene=maintain, intensity=0.60
2025-11-15 19:12:59,536 [INFO] Generated directive: scene=maintain, intensity=0.60
2025-11-15 19:12:59,579 [INFO] Generated directive: scene=maintain, intensity=0.60
2025-11-15 19:12:59,616 [INFO] Generated directive: scene=maintain, intensity=0.60
2025-11-15 19:12:59,655 [INFO] Generated directive: scene=maintain, intensity=0.60
2025-11-15 19:12:59,697 [INFO] Generated directive: scene=maintain, intensity=0.60
2025-11-15 19:12:59,737 [INFO] Generated directive: scene=maintain, intensity=0.60
2025-11-15 19:12:59,778 [INFO] Generated directive: scene=maintain, intensity=0.60
2025-11-15 19:12:59,820 [INFO] Generated directive: scene=maintain, intensity=0.60
2025-11-15 19:12:59,861 [INFO] Generated directive: scene=maintain, intensity=0.60
2025-11-15 19:12:59,903 [INFO] Generated directive: scene=maintain, intensity=0.60
2025-11-15 19:12:59,944 [INFO] Generated directive: scene=maintain, intensity=0.60
2025-11-15 19:12:59,985 [INFO] Generated directive: scene=maintain, intensity=0.60
2025-11-15 19:13:00,023 [INFO] Generated directive: scene=maintain, intensity=0.60
2025-11-15 19:13:00,065 [INFO] Generated directive: scene=maintain, intensity=0.60
2025-11-15 19:13:00,116 [INFO] Generated directive: scene=maintain, intensity=0.60
2025-11-15 19:13:00,154 [INFO] Generated directive: scene=maintain, intensity=0.60
2025-11-15 19:13:00,198 [INFO] Generated directive: scene=maintain, intensity=0.60
2025-11-15 19:13:00,241 [INFO] Generated directive: scene=maintain, intensity=0.60
2025-11-15 19:13:00,284 [INFO] Generated directive: scene=maintain, intensity=0.60
2025-11-15 19:13:00,328 [INFO] Generated directive: scene=maintain, intensity=0.60
2025-11-15 19:13:00,367 [INFO] Generated directive: scene=maintain, intensity=0.60
2025-11-15 19:13:00,409 [INFO] Generated directive: scene=maintain, intensity=0.60
2025-11-15 19:13:00,451 [INFO] Generated directive: scene=maintain, intensity=0.60
2025-11-15 19:13:00,497 [INFO] Generated directive: scene=maintain, intensity=0.60
2025-11-15 19:13:00,539 [INFO] Generated directive: scene=maintain, intensity=0.60
2025-11-15 19:13:00,588 [INFO] Generated directive: scene=maintain, intensity=0.60
2025-11-15 19:13:00,628 [INFO] Generated directive: scene=maintain, intensity=0.60
2025-11-15 19:13:00,665 [INFO] Generated directive: scene=maintain, intensity=0.60
2025-11-15 19:13:00,706 [INFO] Generated directive: scene=maintain, intensity=0.60
2025-11-15 19:13:00,751 [INFO] Generated directive: scene=maintain, intensity=0.60
2025-11-15 19:13:00,793 [INFO] Generated directive: scene=maintain, intensity=0.60
2025-11-15 19:13:00,835 [INFO] Generated directive: scene=maintain, intensity=0.60
2025-11-15 19:13:00,885 [INFO] Generated directive: scene=maintain, intensity=0.60
2025-11-15 19:13:00,925 [INFO] Generated directive: scene=maintain, intensity=0.60
2025-11-15 19:13:00,963 [INFO] Generated directive: scene=maintain, intensity=0.60
2025-11-15 19:13:01,008 [INFO] Generated directive: scene=maintain, intensity=0.60
2025-11-15 19:13:01,046 [INFO] Generated directive: scene=maintain, intensity=0.60
2025-11-15 19:13:01,084 [INFO] Generated directive: scene=maintain, intensity=0.60
2025-11-15 19:13:01,122 [INFO] Generated directive: scene=maintain, intensity=0.60
2025-11-15 19:13:01,159 [INFO] Generated directive: scene=maintain, intensity=0.60
2025-11-15 19:13:01,201 [INFO] Generated directive: scene=maintain, intensity=0.60
2025-11-15 19:13:01,244 [INFO] Generated directive: scene=maintain, intensity=0.60
2025-11-15 19:13:01,283 [INFO] Generated directive: scene=maintain, intensity=0.60
2025-11-15 19:13:01,327 [INFO] Generated directive: scene=maintain, intensity=0.60
2025-11-15 19:13:01,369 [INFO] Generated directive: scene=maintain, intensity=0.60
2025-11-15 19:13:01,406 [INFO] Generated directive: scene=maintain, intensity=0.60
2025-11-15 19:13:01,449 [INFO] Generated directive: scene=maintain, intensity=0.60
2025-11-15 19:13:01,495 [INFO] Generated directive: scene=maintain, intensity=0.60
2025-11-15 19:13:01,538 [INFO] Generated directive: scene=maintain, intensity=0.60
2025-11-15 19:13:01,582 [INFO] Generated directive: scene=maintain, intensity=0.60
2025-11-15 19:13:01,618 [INFO] Generated directive: scene=maintain, intensity=0.60
2025-11-15 19:13:01,657 [INFO] Generated directive: scene=maintain, intensity=0.60
2025-11-15 19:13:01,697 [INFO] Generated directive: scene=maintain, intensity=0.60
2025-11-15 19:13:01,740 [INFO] Generated directive: scene=maintain, intensity=0.60
2025-11-15 19:13:01,782 [INFO] Generated directive: scene=maintain, intensity=0.60
2025-11-15 19:13:01,822 [INFO] Generated directive: scene=maintain, intensity=0.60
2025-11-15 19:13:01,863 [INFO] Generated directive: scene=maintain, intensity=0.60
2025-11-15 19:13:01,906 [INFO] Generated directive: scene=maintain, intensity=0.60
2025-11-15 19:13:01,950 [INFO] Generated directive: scene=maintain, intensity=0.60
2025-11-15 19:13:01,993 [INFO] Generated directive: scene=maintain, intensity=0.60
2025-11-15 19:13:02,036 [INFO] Generated directive: scene=maintain, intensity=0.60
2025-11-15 19:13:02,080 [INFO] Generated directive: scene=maintain, intensity=0.60
2025-11-15 19:13:02,117 [INFO] Generated directive: scene=maintain, intensity=0.60
2025-11-15 19:13:02,157 [INFO] Generated directive: scene=maintain, intensity=0.60
2025-11-15 19:13:02,194 [INFO] Generated directive: scene=maintain, intensity=0.60
2025-11-15 19:13:02,237 [INFO] Generated directive: scene=maintain, intensity=0.60
2025-11-15 19:13:02,279 [INFO] Generated directive: scene=maintain, intensity=0.60
2025-11-15 19:13:02,321 [INFO] Generated directive: scene=maintain, intensity=0.60
2025-11-15 19:13:02,359 [INFO] Generated directive: scene=maintain, intensity=0.60
2025-11-15 19:13:02,397 [INFO] Generated directive: scene=maintain, intensity=0.60
2025-11-15 19:13:02,439 [INFO] Generated directive: scene=maintain, intensity=0.60
2025-11-15 19:13:02,479 [INFO] Generated directive: scene=maintain, intensity=0.60
2025-11-15 19:13:02,520 [INFO] Generated directive: scene=maintain, intensity=0.60
2025-11-15 19:13:02,556 [INFO] Generated directive: scene=maintain, intensity=0.60
2025-11-15 19:13:02,595 [INFO] Generated directive: scene=maintain, intensity=0.60
2025-11-15 19:13:02,633 [INFO] Generated directive: scene=maintain, intensity=0.60
2025-11-15 19:13:02,673 [INFO] Generated directive: scene=maintain, intensity=0.60
2025-11-15 19:13:02,714 [INFO] Generated directive: scene=maintain, intensity=0.60
2025-11-15 19:13:02,758 [INFO] Generated directive: scene=maintain, intensity=0.60
2025-11-15 19:13:02,798 [INFO] Generated directive: scene=maintain, intensity=0.60
2025-11-15 19:13:02,841 [INFO] Generated directive: scene=maintain, intensity=0.60
2025-11-15 19:13:02,883 [INFO] Generated directive: scene=maintain, intensity=0.60
2025-11-15 19:13:02,920 [INFO] Generated directive: scene=maintain, intensity=0.60
2025-11-15 19:13:02,961 [INFO] Generated directive: scene=maintain, intensity=0.60
2025-11-15 19:13:02,999 [INFO] Generated directive: scene=maintain, intensity=0.60
2025-11-15 19:13:03,036 [INFO] Generated directive: scene=maintain, intensity=0.60
2025-11-15 19:13:03,077 [INFO] Generated directive: scene=maintain, intensity=0.60
2025-11-15 19:13:03,120 [INFO] Generated directive: scene=maintain, intensity=0.60
2025-11-15 19:13:03,162 [INFO] Generated directive: scene=maintain, intensity=0.60
2025-11-15 19:13:03,200 [INFO] Generated directive: scene=maintain, intensity=0.60
2025-11-15 19:13:03,242 [INFO] Generated directive: scene=maintain, intensity=0.60
2025-11-15 19:13:03,284 [INFO] Generated directive: scene=maintain, intensity=0.60
2025-11-15 19:13:03,323 [INFO] Generated directive: scene=maintain, intensity=0.60
2025-11-15 19:13:03,364 [INFO] Generated directive: scene=maintain, intensity=0.60
2025-11-15 19:13:03,402 [INFO] Generated directive: scene=maintain, intensity=0.60
2025-11-15 19:13:03,441 [INFO] Generated directive: scene=maintain, intensity=0.60
2025-11-15 19:13:03,481 [INFO] Generated directive: scene=maintain, intensity=0.60
2025-11-15 19:13:03,521 [INFO] Generated directive: scene=maintain, intensity=0.60
2025-11-15 19:13:03,560 [INFO] Generated directive: scene=maintain, intensity=0.60
2025-11-15 19:13:03,599 [INFO] Generated directive: scene=maintain, intensity=0.60
2025-11-15 19:13:03,637 [INFO] Generated directive: scene=maintain, intensity=0.60
2025-11-15 19:13:03,676 [INFO] Generated directive: scene=maintain, intensity=0.60
2025-11-15 19:13:03,715 [INFO] Generated directive: scene=maintain, intensity=0.60
2025-11-15 19:13:03,757 [INFO] Generated directive: scene=maintain, intensity=0.60
2025-11-15 19:13:03,802 [INFO] Generated directive: scene=maintain, intensity=0.60
2025-11-15 19:13:03,839 [INFO] Generated directive: scene=maintain, intensity=0.60
2025-11-15 19:13:03,876 [INFO] Generated directive: scene=maintain, intensity=0.60
2025-11-15 19:13:03,915 [INFO] Generated directive: scene=maintain, intensity=0.60
2025-11-15 19:13:03,957 [INFO] Generated directive: scene=maintain, intensity=0.60
2025-11-15 19:13:04,000 [INFO] Generated directive: scene=maintain, intensity=0.60
2025-11-15 19:13:04,041 [INFO] Generated directive: scene=maintain, intensity=0.60
2025-11-15 19:13:04,078 [INFO] Generated directive: scene=maintain, intensity=0.60
2025-11-15 19:13:04,119 [INFO] Generated directive: scene=maintain, intensity=0.60
2025-11-15 19:13:04,157 [INFO] Generated directive: scene=maintain, intensity=0.60
2025-11-15 19:13:04,198 [INFO] Generated directive: scene=maintain, intensity=0.60
2025-11-15 19:13:04,239 [INFO] Generated directive: scene=maintain, intensity=0.60
2025-11-15 19:13:04,282 [INFO] Generated directive: scene=maintain, intensity=0.60
2025-11-15 19:13:04,322 [INFO] Generated directive: scene=maintain, intensity=0.60
2025-11-15 19:13:04,361 [INFO] Generated directive: scene=maintain, intensity=0.60
2025-11-15 19:13:04,400 [INFO] Generated directive: scene=maintain, intensity=0.60
2025-11-15 19:13:04,446 [INFO] Generated directive: scene=maintain, intensity=0.60
2025-11-15 19:13:04,486 [INFO] Generated directive: scene=maintain, intensity=0.60
2025-11-15 19:13:04,525 [INFO] Generated directive: scene=maintain, intensity=0.60
2025-11-15 19:13:04,565 [INFO] Generated directive: scene=maintain, intensity=0.60
2025-11-15 19:13:04,603 [INFO] Generated directive: scene=maintain, intensity=0.60
2025-11-15 19:13:04,639 [INFO] Generated directive: scene=maintain, intensity=0.60
2025-11-15 19:13:04,676 [INFO] Generated directive: scene=maintain, intensity=0.60
2025-11-15 19:13:04,714 [INFO] Generated directive: scene=maintain, intensity=0.60
2025-11-15 19:13:04,754 [INFO] Generated directive: scene=maintain, intensity=0.60
2025-11-15 19:13:04,796 [INFO] Generated directive: scene=maintain, intensity=0.60
2025-11-15 19:13:04,843 [INFO] Generated directive: scene=maintain, intensity=0.60
2025-11-15 19:13:04,886 [INFO] Generated directive: scene=maintain, intensity=0.60
2025-11-15 19:13:04,922 [INFO] Generated directive: scene=maintain, intensity=0.60
2025-11-15 19:13:04,965 [INFO] Generated directive: scene=maintain, intensity=0.60
2025-11-15 19:13:05,002 [INFO] Generated directive: scene=maintain, intensity=0.60
2025-11-15 19:13:05,039 [INFO] Generated directive: scene=maintain, intensity=0.60
2025-11-15 19:13:05,077 [INFO] Generated directive: scene=maintain, intensity=0.60
2025-11-15 19:13:05,114 [INFO] Generated directive: scene=maintain, intensity=0.60
2025-11-15 19:13:05,152 [INFO] Generated directive: scene=maintain, intensity=0.60
2025-11-15 19:13:05,190 [INFO] Generated directive: scene=maintain, intensity=0.60
2025-11-15 19:13:05,231 [INFO] Generated directive: scene=maintain, intensity=0.60
2025-11-15 19:13:05,273 [INFO] Generated directive: scene=maintain, intensity=0.60
2025-11-15 19:13:05,314 [INFO] Generated directive: scene=maintain, intensity=0.60
2025-11-15 19:13:05,353 [INFO] Generated directive: scene=maintain, intensity=0.60
2025-11-15 19:13:05,395 [INFO] Generated directive: scene=maintain, intensity=0.60
2025-11-15 19:13:05,432 [INFO] Generated directive: scene=maintain, intensity=0.60
2025-11-15 19:13:05,473 [INFO] Generated directive: scene=maintain, intensity=0.60
2025-11-15 19:13:05,510 [INFO] Generated directive: scene=maintain, intensity=0.60
2025-11-15 19:13:05,547 [INFO] Generated directive: scene=maintain, intensity=0.60
2025-11-15 19:13:05,586 [INFO] Generated directive: scene=maintain, intensity=0.60
2025-11-15 19:13:05,622 [INFO] Generated directive: scene=maintain, intensity=0.60
2025-11-15 19:13:05,660 [INFO] Generated directive: scene=maintain, intensity=0.60
2025-11-15 19:13:05,700 [INFO] Generated directive: scene=maintain, intensity=0.60
2025-11-15 19:13:05,740 [INFO] Generated directive: scene=maintain, intensity=0.60
2025-11-15 19:13:05,777 [INFO] Generated directive: scene=maintain, intensity=0.60
2025-11-15 19:13:05,816 [INFO] Generated directive: scene=maintain, intensity=0.60
2025-11-15 19:13:05,856 [INFO] Generated directive: scene=maintain, intensity=0.60
2025-11-15 19:13:05,898 [INFO] Generated directive: scene=maintain, intensity=0.60
2025-11-15 19:13:05,936 [INFO] Generated directive: scene=maintain, intensity=0.60
2025-11-15 19:13:05,975 [INFO] Generated directive: scene=maintain, intensity=0.60
2025-11-15 19:13:06,015 [INFO] Generated directive: scene=maintain, intensity=0.60
2025-11-15 19:13:06,055 [INFO] Generated directive: scene=maintain, intensity=0.60
2025-11-15 19:13:06,093 [INFO] Generated directive: scene=maintain, intensity=0.60
2025-11-15 19:13:06,132 [INFO] Generated directive: scene=maintain, intensity=0.60
2025-11-15 19:13:06,170 [INFO] Generated directive: scene=maintain, intensity=0.60
2025-11-15 19:13:06,209 [INFO] Generated directive: scene=maintain, intensity=0.60
2025-11-15 19:13:06,248 [INFO] Generated directive: scene=maintain, intensity=0.60
2025-11-15 19:13:06,287 [INFO] Generated directive: scene=maintain, intensity=0.60
2025-11-15 19:13:06,329 [INFO] Generated directive: scene=maintain, intensity=0.60
2025-11-15 19:13:06,375 [INFO] Generated directive: scene=maintain, intensity=0.60
2025-11-15 19:13:06,414 [INFO] Generated directive: scene=maintain, intensity=0.60
2025-11-15 19:13:06,451 [INFO] Generated directive: scene=maintain, intensity=0.60
2025-11-15 19:13:06,490 [INFO] Generated directive: scene=maintain, intensity=0.60
2025-11-15 19:13:06,530 [INFO] Generated directive: scene=maintain, intensity=0.60
2025-11-15 19:13:06,567 [INFO] Generated directive: scene=maintain, intensity=0.60
2025-11-15 19:13:06,605 [INFO] Generated directive: scene=maintain, intensity=0.60
2025-11-15 19:13:06,641 [INFO] Generated directive: scene=maintain, intensity=0.60
2025-11-15 19:13:06,679 [INFO] Generated directive: scene=maintain, intensity=0.60
2025-11-15 19:13:06,719 [INFO] Generated directive: scene=maintain, intensity=0.60
2025-11-15 19:13:06,760 [INFO] Generated directive: scene=maintain, intensity=0.60
2025-11-15 19:13:06,798 [INFO] Generated directive: scene=maintain, intensity=0.60
2025-11-15 19:13:06,835 [INFO] Generated directive: scene=maintain, intensity=0.60
2025-11-15 19:13:06,875 [INFO] Generated directive: scene=maintain, intensity=0.60
2025-11-15 19:13:06,916 [INFO] Generated directive: scene=maintain, intensity=0.60
2025-11-15 19:13:06,957 [INFO] Generated directive: scene=maintain, intensity=0.60
2025-11-15 19:13:06,999 [INFO] Generated directive: scene=maintain, intensity=0.60
2025-11-15 19:13:07,043 [INFO] Generated directive: scene=maintain, intensity=0.60
2025-11-15 19:13:07,085 [INFO] Generated directive: scene=maintain, intensity=0.60
2025-11-15 19:13:07,128 [INFO] Generated directive: scene=maintain, intensity=0.60
2025-11-15 19:13:07,169 [INFO] Generated directive: scene=maintain, intensity=0.60
2025-11-15 19:13:07,209 [INFO] Generated directive: scene=maintain, intensity=0.60
2025-11-15 19:13:07,251 [INFO] Generated directive: scene=maintain, intensity=0.60
2025-11-15 19:13:07,293 [INFO] Generated directive: scene=maintain, intensity=0.60
2025-11-15 19:13:07,335 [INFO] Generated directive: scene=maintain, intensity=0.60
2025-11-15 19:13:07,372 [INFO] Generated directive: scene=maintain, intensity=0.60
2025-11-15 19:13:07,412 [INFO] Generated directive: scene=maintain, intensity=0.60
2025-11-15 19:13:07,450 [INFO] Generated directive: scene=maintain, intensity=0.60
2025-11-15 19:13:07,488 [INFO] Generated directive: scene=maintain, intensity=0.60
2025-11-15 19:13:07,524 [INFO] Generated directive: scene=maintain, intensity=0.60
2025-11-15 19:13:07,561 [INFO] Generated directive: scene=maintain, intensity=0.60
2025-11-15 19:13:07,598 [INFO] Generated directive: scene=maintain, intensity=0.60
2025-11-15 19:13:07,636 [INFO] Generated directive: scene=maintain, intensity=0.60
2025-11-15 19:13:07,673 [INFO] Generated directive: scene=maintain, intensity=0.60
2025-11-15 19:13:07,710 [INFO] Generated directive: scene=maintain, intensity=0.60
2025-11-15 19:13:07,747 [INFO] Generated directive: scene=maintain, intensity=0.60
2025-11-15 19:13:07,784 [INFO] Generated directive: scene=maintain, intensity=0.60
2025-11-15 19:13:07,821 [INFO] Generated directive: scene=maintain, intensity=0.60
2025-11-15 19:13:07,862 [INFO] Generated directive: scene=maintain, intensity=0.60
2025-11-15 19:13:07,912 [INFO] Generated directive: scene=maintain, intensity=0.60
2025-11-15 19:13:07,952 [INFO] Generated directive: scene=maintain, intensity=0.60
2025-11-15 19:13:07,994 [INFO] Generated directive: scene=maintain, intensity=0.60
2025-11-15 19:13:08,035 [INFO] Generated directive: scene=maintain, intensity=0.60
2025-11-15 19:13:08,072 [INFO] Generated directive: scene=maintain, intensity=0.60
2025-11-15 19:13:08,110 [INFO] Generated directive: scene=maintain, intensity=0.60
2025-11-15 19:13:08,146 [INFO] Generated directive: scene=maintain, intensity=0.60
2025-11-15 19:13:08,183 [INFO] Generated directive: scene=maintain, intensity=0.60
2025-11-15 19:13:08,220 [INFO] Generated directive: scene=maintain, intensity=0.60
2025-11-15 19:13:08,257 [INFO] Generated directive: scene=maintain, intensity=0.60
2025-11-15 19:13:08,294 [INFO] Generated directive: scene=maintain, intensity=0.60
2025-11-15 19:13:08,332 [INFO] Generated directive: scene=maintain, intensity=0.60
2025-11-15 19:13:08,368 [INFO] Generated directive: scene=maintain, intensity=0.60
2025-11-15 19:13:08,405 [INFO] Generated directive: scene=maintain, intensity=0.60
2025-11-15 19:13:08,442 [INFO] Generated directive: scene=maintain, intensity=0.60
2025-11-15 19:13:08,478 [INFO] Generated directive: scene=maintain, intensity=0.60
2025-11-15 19:13:08,515 [INFO] Generated directive: scene=maintain, intensity=0.60
2025-11-15 19:13:08,551 [INFO] Generated directive: scene=maintain, intensity=0.60
2025-11-15 19:13:08,588 [INFO] Generated directive: scene=maintain, intensity=0.60
2025-11-15 19:13:08,625 [INFO] Generated directive: scene=maintain, intensity=0.60
2025-11-15 19:13:08,662 [INFO] Generated directive: scene=maintain, intensity=0.60
2025-11-15 19:13:08,700 [INFO] Generated directive: scene=maintain, intensity=0.60
2025-11-15 19:13:08,736 [INFO] Generated directive: scene=maintain, intensity=0.60
2025-11-15 19:13:08,773 [INFO] Generated directive: scene=maintain, intensity=0.60
2025-11-15 19:13:08,811 [INFO] Generated directive: scene=maintain, intensity=0.60
2025-11-15 19:13:08,847 [INFO] Generated directive: scene=maintain, intensity=0.60
2025-11-15 19:13:08,884 [INFO] Generated directive: scene=maintain, intensity=0.60
2025-11-15 19:13:08,921 [INFO] Generated directive: scene=maintain, intensity=0.60
2025-11-15 19:13:08,957 [INFO] Generated directive: scene=maintain, intensity=0.60
2025-11-15 19:13:08,994 [INFO] Client disconnected ('127.0.0.1', 50451)
